id,domain,status,purchase_price,renewal_price,attractiveness,demand,length,registrar,created_at,expires_at
0003d0d6-e677-4a00-b7ac-4af5468335cc,AcademyAwards.tube,available,33.98,,68,3,14,namecheap,,
0010799c-b5aa-4a51-a59b-bf26502bf8df,slipin.tube,available,33.98,,65,2,7,namecheap,,
0036b859-5e3e-4a32-bdaf-d1695ea12647,slipped.tube,available,33.98,,70,3,7,namecheap,,
003db18e-604e-4560-ac3d-6cb31394cfb3,noless.tube,available,33.98,,62,4,7,namecheap,,
0060a14e-40ca-4433-8bcf-04081f3faaac,counterterrorism.tube,available,33.98,,52,3,17,namecheap,,
0079c66c-67ce-43e8-a574-c5980636657c,affects.tube,available,23.99,23.99,54,4,7,namesilo,,
0082e0d6-39a8-48d8-829f-ed8204e95168,besupposedto.tube,available,33.98,,60,1,14,namecheap,,
008d00db-c48f-4370-a0e9-67013eaf4c5e,thirdyear.tube,available,23.99,23.99,66,1,10,namesilo,,
00d556e9-ed5d-4df7-b938-bd139adc98e9,takeoffice.tube,available,33.98,,77,2,11,namecheap,,
01332957-f8fe-4d34-bfe1-e90bce6a7bb9,inconclusion.tube,available,33.98,,60,2,13,namecheap,,
015d437e-a381-409b-9062-e4ee5c08006a,gonowhere.tube,available,33.98,,62,2,10,namecheap,,
016062a7-9489-4270-ac63-6ce8dd09d206,finals.tube,available,23.99,23.99,80,7,6,namesilo,,
017173d3-7931-45e3-b885-bd303d67e3be,fastgrowing.tube,available,33.98,,72,3,12,namecheap,,
017410da-bad2-4f8d-81c4-ae3b85255839,sites.tube,available,33.98,,53,26,5,namecheap,,
01a16104-b00d-42b6-b1c1-40f15453f440,Amazonlilies.tube,available,23.99,23.99,50,1,13,namesilo,,
01b1b143-f871-49e8-b4bc-5a8380163074,privatelife.tube,available,33.98,,78,4,12,namecheap,,
01c31935-6864-4810-9dbe-b9707a9c4e35,goape.tube,available,33.98,,76,5,6,namecheap,,
02435506-08e0-4060-9131-20eb7ad849e6,breastaugmentation.tube,available,33.98,,66,5,19,namecheap,,
02672c1f-6350-4f2c-9661-aa53a25a53d3,workmanship.tube,available,33.98,,74,3,11,namecheap,,
02674daa-291c-442d-b505-2964091fd613,Ihaveafever.tube,available,33.98,,50,1,14,namecheap,,
0272462f-67da-46ed-b86e-b6e37ec960a5,makes.tube,available,33.98,,66,17,5,namecheap,,
0283255b-c210-4b93-be03-1ddb1b703c6c,subsequently.tube,available,33.98,,58,1,12,namecheap,,
0286eae6-cf2f-4498-a147-e3bf5b87676a,stepbystep.tube,available,33.98,,62,14,12,namecheap,,
028a5385-1c48-43a5-a671-3b3495119839,havekittens.tube,available,33.98,,66,1,12,namecheap,,
02d0b711-224a-45ce-8793-2e41f2bf7ca8,brain.tube,resell,,,72,49,5,"NameCheap, Inc.",19/10/2017 19:29,19/10/2026 19:29
02f5ab39-837f-4b09-be17-4991731d01e3,proxybullying.tube,available,33.98,,28,1,14,namecheap,,
031cadf5-5a02-4113-b183-66983c5c4bee,cuts.tube,available,23.99,23.99,72,10,4,namesilo,,
0321ab90-9430-4d6a-a940-5e994d308a3a,movefurniture.tube,available,33.98,,68,1,14,namecheap,,
0322df13-65f7-44ba-a886-4c18c0bdd3f3,turnedoff.tube,available,33.98,,42,1,10,namecheap,,
0333cd13-c9a3-4418-9265-abaa80255119,lunchwards.tube,available,33.98,,68,1,10,namecheap,,
0337a238-207d-4c91-91e9-7518cdfaccb2,intrinsicvalue.tube,available,33.98,,66,4,15,namecheap,,
037d1702-bb98-4dbb-a08e-f56564ef9881,getoffeasy.tube,available,33.98,,58,1,12,namecheap,,
039f0538-60dd-45f1-91f8-d1aa4fa433c1,havenoneofit.tube,available,33.98,,56,1,15,namecheap,,
03eb9903-e34c-4afc-9b74-7bd9a572f83e,filein.tube,available,33.98,,68,2,7,namecheap,,
03f4cc0f-e021-49e0-9359-5ba2455040c9,superheroes.tube,available,23.99,23.99,66,12,11,namesilo,,
03f6df1d-7786-485e-b3ee-d5431fe7303d,divineintervention.tube,available,33.98,,68,6,19,namecheap,,
04198591-d138-46be-adfa-97f2f17981c0,generating.tube,available,33.98,,54,6,10,namecheap,,
04302897-31dc-4bd8-9960-5bd6e933faa2,getoninyears.tube,available,33.98,,44,0,15,namecheap,,
0441bc2b-d639-4f97-9678-3a05002d2632,filefootage.tube,available,33.98,,74,1,12,namecheap,,
0445dad1-7f02-4673-ad59-d039764cce1d,executivedirector.tube,available,33.98,,56,2,18,namecheap,,
044a759e-c2b2-4601-ae4d-55032d955cbc,typewriters.tube,available,23.99,23.99,56,4,11,namesilo,,
04568e5f-8e25-4e84-b233-f41547e56dc7,traded.tube,available,33.98,,52,6,6,namecheap,,
046d52ef-c9bd-4798-a85f-2fe25589954d,mouldbreaking.tube,available,33.98,,64,1,14,namecheap,,
047a1eb7-b2e7-4420-bf67-71f4af6cbff4,nosmoking.tube,available,33.98,,54,5,10,namecheap,,
0489fe5f-a014-4d11-a7ca-3528c2d6672e,SikhEmpire.tube,available,33.98,,64,1,11,namecheap,,
04a1e564-a0dc-4ec4-8b52-a50b122e6612,costsaving.tube,available,33.98,,68,2,11,namecheap,,
04b5002c-bad6-47dc-b712-24edcef2e0a2,orchestrated.tube,available,33.98,,75,4,12,namecheap,,
04cf4f82-2319-44d4-a0e6-67928ce6bad7,sanded.tube,available,33.98,,66,1,6,namecheap,,
05221538-8fad-4cf2-857d-08c23520846e,manyandvarious.tube,available,33.98,,46,2,16,namecheap,,
053328db-9d0f-484f-846e-d008179ec274,Iputittoyou.tube,available,33.98,,50,1,15,namecheap,,
0559eea3-85f6-4e01-8267-c74be6af1e68,RiceBubbles.tube,available,33.98,,60,1,12,namecheap,,
05768040-64a8-452a-875f-a928b7d2595b,officeroutine.tube,available,33.98,,43,0,14,namecheap,,
0588a48d-7047-41a5-bcbb-554028edb733,backtalk.tube,available,33.98,,68,5,9,namecheap,,
05c03525-000b-431c-97f7-8c4b50f38db3,potatosalad.tube,available,33.98,,70,2,12,namecheap,,
05c1b734-c0c7-400f-a903-62342cc5f6a6,pertained.tube,available,33.98,,52,1,9,namecheap,,
05edea39-9229-44a5-bac7-e2af04747be7,revolvearound.tube,available,33.98,,62,1,14,namecheap,,
05fdbec8-c44b-448c-9eb4-528b13f13e67,polled.tube,available,33.98,,69,3,6,namecheap,,
06593e08-df00-437b-89c2-2fcf8bf5f3d2,bluecheckmark.tube,available,33.98,,70,2,15,namecheap,,
065a8f02-5248-41a8-a11b-e193570fde04,likemad.tube,available,33.98,,70,0,8,namecheap,,
065b5f0c-df37-4066-9e1d-8eb4bee236ce,exchanges.tube,available,33.98,,50,11,9,namecheap,,
067f50e2-d1db-4090-8078-03729d1f671d,getwet.tube,available,33.98,,74,5,7,namecheap,,
068663a9-7e95-4178-acdb-05406f464f24,havethefloor.tube,available,33.98,,64,1,14,namecheap,,
06a6076b-ddfd-4a02-a10e-c5945d8a94bf,bebothered.tube,available,33.98,,63,1,11,namecheap,,
06d81ec2-bd9d-4616-b120-1d38dede4496,ratios.tube,available,23.99,23.99,46,5,6,namesilo,,
06eed7ff-59ea-419a-ad33-ea52b949f684,signs.tube,available,33.98,,64,22,5,namecheap,,
06fa2497-1947-40de-95f2-8afdc0f61624,hasone.tube,available,33.98,,54,1,7,namecheap,,
0701d7bf-3087-4df7-980d-b8efd35c741c,equations.tube,available,33.98,,54,5,9,namecheap,,
0736a10b-4ad6-4522-9d96-0b5fdd069cc7,droppingoff.tube,available,23.99,23.99,52,1,12,namesilo,,
074159dd-a31e-4d03-8f31-5725f4aa87c2,getoutofDodge.tube,available,33.98,,62,1,16,namecheap,,
0743fe79-b3c9-4a77-bf8b-02eb89727b1f,holidays.tube,premium,62.5,,78,23,8,name.com,,
075a3931-df76-4d07-aa4e-19fa4e071ad9,alcohols.tube,available,33.98,,50,4,8,namecheap,,
077a2b55-89f6-4fd0-9b77-32e8500112d7,jetblack.tube,available,33.98,,82,8,9,namecheap,,
0788cb59-0942-4b1f-ab98-412fc4463a63,comedies.tube,premium,62.5,,56,3,8,name.com,,
0795b0e6-bad5-47bc-93c6-961228d3a163,scissored.tube,available,23.99,23.99,64,1,9,namesilo,,
07960cb7-0789-472c-8573-9e28fbcf85fb,reads.tube,available,23.99,23.99,54,10,5,namesilo,,
07acac71-db6d-4180-9855-3d8065c3b91a,ovens.tube,available,23.99,23.99,55,6,5,namesilo,,
07b6a246-deaa-445b-b28e-4a0b2876283b,nutrients.tube,available,23.99,23.99,58,9,9,namesilo,,
07d25db1-f9f5-419b-a082-02c10b4fc621,movedown.tube,available,33.98,,70,1,9,namecheap,,
07e0c568-1e03-44b4-a402-06ab088e7b27,barbecuedpork.tube,available,33.98,,58,0,14,namecheap,,
07e92355-5fe0-404a-8640-44e56fa1c2ef,aspertheusual.tube,available,33.98,,40,1,16,namecheap,,
08051d12-6898-45cb-a22a-97503da74ede,commonlog.tube,available,33.98,,50,1,10,namecheap,,
081b0e93-59f1-4384-aeab-536c056cefb2,makethebestof.tube,available,33.98,,72,1,16,namecheap,,
081b2f4e-9714-490a-bd61-1c15c625ac3c,dowell.tube,available,33.98,,76,12,7,namecheap,,
084a5548-2393-4afd-a6b1-9431ae242c9c,leavetown.tube,available,33.98,,58,1,10,namecheap,,
08713dbf-7c56-4bb7-b52d-f8a22f1c6c84,childmarriage.tube,available,23.99,23.99,48,2,14,namesilo,,
08b0bbc7-7afc-4f44-baec-80ba34f6b791,CountyofRussell.tube,available,33.98,,42,1,17,namecheap,,
08bd5300-9049-45fd-84f8-e78eb082658d,Books.tube,premium,525,28,52,49,5,namecheap,,
08ef628c-31f3-4948-89cc-bb984894a51b,divinehealing.tube,available,33.98,,54,7,14,namecheap,,
09021cff-a41f-40a8-bf2d-b802c9b6d790,makeone.tube,available,33.98,,76,4,8,namecheap,,
090adc83-7516-4cdf-bff1-a02bf67508ff,howthedevil.tube,available,33.98,,40,0,13,namecheap,,
090d9833-9701-4e60-b3a1-f6bcd09a5741,females.tube,premium,62.5,,62,8,7,name.com,,
0936c12d-2bb4-458a-bea3-c14e4ea131bd,highsociety.tube,available,33.98,,73,8,12,namecheap,,
09399cf8-9849-44c4-b61f-a27b71351d5d,plusses.tube,available,23.99,23.99,56,1,7,namesilo,,
094cf28d-9718-46ad-8583-7aa9064e8a87,getwellsoon.tube,available,33.98,,58,5,13,namecheap,,
095209de-1d86-4d85-b38e-8bd1de7bc89e,slampoetry.tube,available,33.98,,78,2,11,namecheap,,
095b5a1d-b3f6-4863-9fde-07da84ac33da,mistakenidentity.tube,available,33.98,,52,2,17,namecheap,,
096d8ec5-469d-4192-8dcd-87c54c5c5c3d,tapinto.tube,available,33.98,,68,11,8,namecheap,,
09877ece-6925-4a29-ad78-6140f4d450e4,asquoted.tube,available,23.99,23.99,48,1,9,namesilo,,
0992096c-f96a-4c1a-be99-06ee34fb1fb2,thereaway.tube,available,33.98,,58,1,10,namecheap,,
09988608-01ba-4604-8328-639f32040b82,possibilities.tube,available,33.98,,52,7,13,namecheap,,
09b29378-81d4-4e75-ad1e-8c1f52611eb1,savinggrace.tube,available,33.98,,76,7,12,namecheap,,
09bae1df-971c-4934-925d-c4ff92315888,justices.tube,available,23.99,23.99,52,6,8,namesilo,,
09f68757-d37d-4d81-94d7-9e29eeeaf827,Itellalie.tube,available,33.98,,58,1,12,namecheap,,
09fd501c-1c30-469f-9c96-3ae41470998c,ofchoice.tube,available,33.98,,58,1,9,namecheap,,
0a30645d-5c4c-4c46-bb35-afb19858aabc,tunas.tube,available,23.99,23.99,59,6,5,namesilo,,
0a36adf6-8a47-47b2-94bf-4016a1918222,chefs.tube,premium,125,,68,18,5,name.com,,
0a3b0ede-6eae-442b-bb37-ab2e509cc1c9,coaches.tube,available,23.99,23.99,56,15,7,namesilo,,
0a617635-d4ae-47f8-936c-077cbb44d0c5,floodwaters.tube,available,23.99,23.99,56,2,11,namesilo,,
0a63a977-7fa3-498f-bde7-40a19eb2e98b,asprovidedfor.tube,available,33.98,,40,0,15,namecheap,,
0a7ecb68-7dbd-41d7-bfb5-724abc884e20,somewhereelse.tube,available,33.98,,60,3,14,namecheap,,
0a8722c7-fe98-4c98-b61c-3842b72abf28,fitinto.tube,available,33.98,,84,2,8,namecheap,,
0a96bfd9-964c-436f-a466-1527d9c71091,goonrecord.tube,available,33.98,,70,1,12,namecheap,,
0b00aab2-f2fe-421d-8dce-6d882cdb59e0,dates.tube,premium,62.5,,56,15,5,name.com,,
0b21723a-56f1-4f01-961a-8a6a13928edf,parkup.tube,available,33.98,,59,4,7,namecheap,,
0b48534d-11a9-448c-b690-baf47a3df3eb,GreatBarrierReef.tube,available,33.98,,64,4,18,namecheap,,
0b4dc697-3aba-42b8-89fe-879f9c4887f9,breaks.tube,available,33.98,,52,10,6,namecheap,,
0b515bb2-1152-453a-b55e-1d481525ab41,bands.tube,premium,62.5,,52,13,5,name.com,,
0b807f3d-0cd4-4241-b61a-80c09c9d22cf,patches.tube,available,33.98,,53,16,7,namecheap,,
0b9db6ce-05d8-48ba-98b2-001761cd0a2d,creditspread.tube,available,33.98,,60,1,13,namecheap,,
0bb2f867-1536-46da-8223-18f532efe2cc,tongues.tube,available,33.98,,51,6,7,namecheap,,
0bbd0766-a9b3-41d9-9b89-733062db35a4,puzzles.tube,available,33.98,,52,16,7,namecheap,,
0bc16589-5230-4ebf-bc5a-699f53013dd7,slowed.tube,available,33.98,,48,3,6,namecheap,,
0bcd7ff2-f686-4abd-b6a9-75ea5a3795c2,cometogether.tube,available,33.98,,70,10,13,namecheap,,
0bd362d7-38ab-4744-b502-cd0b8f1c833c,midafternoon.tube,available,33.98,,80,1,12,namecheap,,
0bea7ffd-4585-4aaa-8887-52d9bbb50f4c,blazers.tube,available,23.99,23.99,54,8,7,namesilo,,
0bf1a08a-361e-41bb-9b6c-b742c7a80574,IliveinMelbourne.tube,available,33.98,,50,0,19,namecheap,,
0c12b2e2-cd4d-4725-8316-19b7320ed7ad,macaronicheese.tube,available,33.98,,72,1,15,namecheap,,
0c16b6bd-1b8b-497f-be76-39c6e69c7f9b,electricaltape.tube,available,33.98,,64,1,15,namecheap,,
0c4c1635-1e3e-41a0-b24b-ac9a6e4b2512,divineguidance.tube,available,33.98,,57,4,15,namecheap,,
0c820d41-8eae-4ba0-92a8-4d50867e9235,lunchware.tube,available,33.98,,78,1,9,namecheap,,
0ca16463-1396-4171-9a5a-b27738822d8d,disobeying.tube,available,23.99,23.99,46,1,10,namesilo,,
0d131ec6-8503-4d57-8476-380e6b35bb14,masterfile.tube,available,33.98,,50,3,11,namecheap,,
0d13da24-3a1a-408c-b3ae-6c9348d5fbd9,intight.tube,available,33.98,,50,1,8,namecheap,,
0d5049ee-f3dc-46ae-b1be-ae0a7b004d53,temporarily.tube,available,33.98,,62,4,11,namecheap,,
0d73448a-9c15-4c03-9567-75f31544f0ab,getlife.tube,available,33.98,,80,5,8,namecheap,,
0d768640-2c07-458d-9e3d-deffa5f7c97f,havethefoggiest.tube,available,23.99,23.99,54,1,17,namesilo,,
0d78ccbf-cbbf-4ca7-bfcd-cee136bfdea3,cometoaboil.tube,available,33.98,,62,1,14,namecheap,,
0d884d75-5967-46de-82b8-49f499a252fa,finalized.tube,available,33.98,,52,2,9,namecheap,,
0d8a3108-2ce0-464e-9780-beb5a6d955e3,playlists.tube,available,23.99,23.99,60,10,9,namesilo,,
0d9247c0-68a6-4c35-9141-f5ef7110d1a9,organisational.tube,available,33.98,,54,1,14,namecheap,,
0d980038-01d1-441f-958a-e3bb5f528a87,packages.tube,available,23.99,23.99,54,13,8,namesilo,,
0dc6b66a-59cc-47d1-8710-0f41583b2eaa,flights.tube,available,23.99,23.99,61,22,7,namesilo,,
0dc85e79-2554-480c-8677-04a62521903a,playon.tube,available,33.98,,80,14,7,namecheap,,
0dff41f2-e62d-4dce-a245-26c4e2534287,gothewholehog.tube,available,33.98,,62,1,16,namecheap,,
0e1b63b6-8882-4ee4-8dc1-21fd160fdaa4,gettheboot.tube,available,33.98,,70,1,12,namecheap,,
0e354068-e099-49f9-9cc8-8a9efc64f5fb,videogames.tube,premium,937.5,,66,18,11,name.com,,
0e403f6d-60a0-46e1-b1ac-3bb80c648f3c,makefriendswith.tube,available,23.99,23.99,58,1,17,namesilo,,
0e7013ca-2654-4930-8d07-ee58505bd762,gonegative.tube,available,33.98,,66,1,11,namecheap,,
0e8405e7-0ac7-4f1d-99fe-b135a7c19ea2,cometoahalt.tube,available,33.98,,62,0,14,namecheap,,
0e888333-6a13-4464-b1e3-9db2625e2269,parkin.tube,available,33.98,,59,8,7,namecheap,,
0e8b8c84-ec03-465c-a56c-c9a868005209,baseplate.tube,available,33.98,,66,7,10,namecheap,,
0e992d1e-1f58-480b-a45b-96e47ee0145d,highrelief.tube,available,33.98,,71,0,11,namecheap,,
0e99c73a-e59c-4e7f-bcdb-6fdbf205eba3,cabins.tube,available,23.99,23.99,58,9,6,namesilo,,
0ea09767-eca1-4471-9200-9b0791991670,hookup.tube,premium,62.5,,76,16,7,name.com,,
0eba640b-a3d3-44ca-9971-14280235ce59,tothe.tube,available,23.99,23.99,54,7,6,namesilo,,
0ebd22e1-be43-437a-823c-b442dbfbc96e,commonhousefly.tube,available,33.98,,42,1,15,namecheap,,
0ec21e38-5f71-4b06-b2b9-e83de016c100,asperusual.tube,available,33.98,,48,1,12,namecheap,,
0ec850e0-30bf-4990-8410-7de7890f87d7,differed.tube,available,23.99,23.99,48,2,8,namesilo,,
0ed9214a-76bd-4c26-a6e0-6e06c9de13c5,voices.tube,available,33.98,,60,19,6,namecheap,,
0ef5a572-d5de-47ad-b11b-5eb266a3bf70,abiders.tube,available,33.98,,70,2,7,namecheap,,
0efc9cf8-76f0-4af9-b4da-32d8c400014f,scanners.tube,available,23.99,23.99,53,7,8,namesilo,,
0f0ee58c-d041-4ae3-a08a-9555da93c261,havingamoment.tube,available,33.98,,40,2,15,namecheap,,
0f3c403a-de08-4ca4-b0f7-9e7513618151,thebird.tube,available,23.99,23.99,58,6,8,namesilo,,
0f3cf794-23e7-4f87-a332-445b060c0d4b,toweloff.tube,available,33.98,,70,1,9,namecheap,,
0f4606bd-3ed9-47c5-bf36-b0858064db6d,launchsite.tube,available,23.99,23.99,60,7,11,namesilo,,
0f47917d-95d8-43e9-91f2-13512a18f9f4,recommending.tube,available,23.99,23.99,58,3,12,namesilo,,
0f5f8edb-da1e-4a5f-a483-d9a7af4dcb67,spiders.tube,available,33.98,,56,10,7,namecheap,,
0f680f70-e688-455d-99f9-14ce50c0b35a,messed.tube,available,33.98,,46,2,6,namecheap,,
0f6ef09d-b56a-47ee-8915-231052b7ffaa,says.tube,available,33.98,,58,10,4,namecheap,,
0f70f830-c6fc-4606-a2c1-b5752dc6a4f6,manuallabour.tube,available,33.98,,58,1,13,namecheap,,
0f909ee4-d6ae-4507-b4fe-ef272b74b40b,gohome.tube,available,33.98,,76,14,7,namecheap,,
0f925aad-3731-49ca-827d-6c374fe194c6,leaks.tube,available,33.98,,46,15,5,namecheap,,
0f9e7e9a-823c-4ae7-8c00-9d976f3a4367,rarer.tube,available,23.99,23.99,52,3,5,namesilo,,
0fc30808-e3cf-4652-9b2c-71ced8688710,seniorcollege.tube,available,33.98,,67,1,14,namecheap,,
0ff19f0e-4f98-4dd1-a1ee-1b78f04128c2,macaroniandcheese.tube,available,33.98,,72,2,19,namecheap,,
0ff30f9d-15d9-447e-a830-4110523da9f3,comeonto.tube,available,33.98,,72,1,10,namecheap,,
103e3824-2416-48d2-a014-2241cc526f91,goonholiday.tube,available,33.98,,68,1,13,namecheap,,
104753fe-c0e9-4302-a50f-421557ca7735,couldof.tube,available,33.98,,49,1,8,namecheap,,
105c1fa5-c3b4-414c-85dc-582086f8f331,grandparents.tube,available,33.98,,68,5,12,namecheap,,
107204ca-899e-4361-bc27-88028deb27f5,lunchtime.tube,available,33.98,,78,8,10,namecheap,,
1075bcb1-5828-45e1-a8e5-0d8a328be501,makeswaves.tube,available,23.99,23.99,60,1,11,namesilo,,
1094f45a-7388-4096-9c49-fb7f246c87c3,snapped.tube,available,33.98,,52,6,7,namecheap,,
10969b3f-d29d-4020-ae01-7dba5ff8cb01,slicedbread.tube,available,33.98,,86,4,12,namecheap,,
10a284bd-0747-4e64-96d8-9929766cd929,dataflows.tube,available,23.99,23.99,52,5,10,namesilo,,
10a7b57f-ab67-4873-9b84-1cc0998580fa,waitup.tube,available,33.98,,63,2,7,namecheap,,
10a7cef2-1e61-4c5a-abf4-eaaac46368a3,dropsomeonealine.tube,available,33.98,,70,0,19,namecheap,,
10b563f1-74e1-41b6-aa31-c1e915c71c1f,summarizing.tube,available,33.98,,46,2,11,namecheap,,
10c13110-1fae-44bf-b0e9-264a54b39174,socialjustice.tube,available,33.98,,68,6,14,namecheap,,
10dd1a51-7106-4e6c-8e1c-9abcf0864137,translating.tube,available,33.98,,54,7,11,namecheap,,
10f7a5f9-6450-4a68-b1de-d1c1216b3a2a,lookingforwardto.tube,available,33.98,,54,2,18,namecheap,,
11056c4a-a9de-422c-82a4-2d6513cbaea8,turnsback.tube,available,23.99,23.99,53,1,10,namesilo,,
111a89a9-6f1b-41ce-81f6-635b5f8d75a9,seemed.tube,available,33.98,,58,4,6,namecheap,,
112de9e6-3973-49e0-b6c8-1bc7753724fd,LordofHosts.tube,available,33.98,,54,2,13,namecheap,,
112e51bf-f32b-40ac-a1fe-9e069ef2b6cf,distinctivefeature.tube,available,33.98,,54,0,19,namecheap,,
1136eb2e-acbc-40ff-bbfd-d67ebaeeea62,swimsuits.tube,premium,62.5,,62,5,9,name.com,,
114f8fb4-d098-4151-8cd3-85605a651b33,provided.tube,available,33.98,,48,3,8,namecheap,,
115f7d8c-592f-4017-ba51-b815df21b81f,gingerbread.tube,available,33.98,,80,10,11,namecheap,,
116bd68b-0eb6-4fc8-9a5d-dc147d0f27d9,lunched.tube,available,23.99,23.99,60,2,7,namesilo,,
11ab0d18-8cde-4279-be0a-d43de6aba74a,serves.tube,available,33.98,,54,7,6,namecheap,,
11d886ec-0302-4208-8780-b4a63baecdef,clearup.tube,available,33.98,,76,6,8,namecheap,,
11efbdeb-1a4a-431d-800a-861a65bee928,leavewellalone.tube,available,33.98,,68,1,16,namecheap,,
122611e1-b902-4e2d-8c35-0c7d0d82b3b1,calls.tube,available,33.98,,50,16,5,namecheap,,
122aa00e-be74-4f95-8317-1e5a5494e9f3,WiFi.tube,premium,140,28,83,37,5,namecheap,,
124ea889-53f6-4efa-a68f-fe0d04c3761e,facilitation.tube,available,33.98,,74,12,12,namecheap,,
12519722-4cc8-4412-ae38-ccc88a4acd66,pigeons.tube,available,23.99,23.99,50,10,7,namesilo,,
1257d602-85fd-41b5-8c85-c97c9ff9b747,keyserver.tube,available,33.98,,70,4,10,namecheap,,
125be426-c79c-4f6d-9413-b594fda5107f,takeout.tube,available,33.98,,75,16,8,namecheap,,
12828dce-5350-4f58-b848-dba4700a815d,inblossom.tube,available,33.98,,56,1,10,namecheap,,
1297da64-5060-4297-ab19-559608aadc97,replying.tube,available,33.98,,52,3,8,namecheap,,
12e50a98-b67e-47cb-be8c-1695d2b8b6c3,owns.tube,available,33.98,,56,8,4,namecheap,,
12f893c4-76af-40cc-ab25-890148f8080b,letsgo.tube,available,33.98,,57,31,7,namecheap,,
13046cce-fda1-4faa-a9dd-c6284a854490,changeover.tube,available,33.98,,68,5,11,namecheap,,
13252d2e-e5cf-40d3-9de4-ce4eecef818b,makeknown.tube,available,33.98,,78,4,10,namecheap,,
13261cbd-0c2e-4ec4-a29a-efa0e0e33200,IsleofPurbeck.tube,available,33.98,,52,2,15,namecheap,,
132b4dd8-ee8d-4861-8391-a6ffeee84d6a,oars.tube,available,33.98,,56,6,4,namecheap,,
133804fb-00dc-407d-aea7-ba57d4f513e5,splits.tube,available,23.99,23.99,70,9,6,namesilo,,
134467fc-c129-4e6c-b7ac-cec83f6009c0,barbecuesauce.tube,available,33.98,,76,2,14,namecheap,,
136c3997-f0d5-4a50-a274-38c05498cdf3,servants.tube,available,33.98,,54,4,8,namecheap,,
137515f7-c747-4100-90aa-85d7c4e7fd21,explanation.tube,available,33.98,,68,7,11,namecheap,,
137ff795-d163-482c-8f87-9983e1cf2ca8,transports.tube,available,33.98,,52,7,10,namecheap,,
13a1bee2-c548-446b-85d9-3f50d2186e15,tartarsauce.tube,available,33.98,,76,2,12,namecheap,,
13c34bd7-2ad1-475c-89dd-625eb413e879,managed.tube,available,33.98,,58,20,7,namecheap,,
13d664ae-e278-4d79-9d97-ba9ee0a05fde,creates.tube,available,23.99,23.99,60,13,7,namesilo,,
13e7cfbf-f031-4264-82dc-ec4df36b8fc9,volunteers.tube,available,33.98,,62,12,10,namecheap,,
141e25e6-2a96-4465-97ef-3e18874ec778,spellingbook.tube,available,33.98,,48,1,13,namecheap,,
142a15d3-0481-41e8-beda-88c37ee44b54,vitamins.tube,premium,62.5,,60,17,8,name.com,,
14543fba-7621-432b-9404-0953d4361814,hangin.tube,available,33.98,,76,4,7,namecheap,,
14561f80-a688-4b4e-831d-1b7968b34922,keephopealive.tube,available,33.98,,50,2,15,namecheap,,
14570c2c-5ca5-4f6c-aa5c-09e094de864f,visitors.tube,premium,125,,62,10,8,name.com,,
1463f3f8-cb8d-441c-b760-c83615990aaf,seekers.tube,available,23.99,23.99,58,15,7,namesilo,,
1465db23-04c0-4ea1-8f81-1672472c8ea5,getoutof.tube,available,33.98,,79,2,10,namecheap,,
148b0c60-fd55-44dd-ab1f-fb7b1cc1be0b,clearstuff.tube,available,33.98,,70,1,11,namecheap,,
148d6d76-1570-4412-9c76-6aa3f5ba8d6c,topfive.tube,available,23.99,23.99,52,9,8,namesilo,,
14a1bff1-1837-4d13-97ba-32b9abab6aa6,registration.tube,available,33.98,,75,19,12,namecheap,,
14c3fe8c-92e3-405c-9829-7eeeeec47202,footballers.tube,available,23.99,23.99,68,4,11,namesilo,,
14c6cba0-a13c-46de-b0ae-ae8fef197152,Occupations.tube,available,33.98,,50,3,11,namecheap,,
150f1ab3-2f5d-4773-83bd-73263eca05a3,busfare.tube,available,33.98,,70,1,8,namecheap,,
155d6921-a556-4504-a2d0-1aea047b9372,platearmour.tube,available,34.99,,65,1,12,name.com,,
1567c619-c1fc-41c4-a86e-ec6de2d7eaff,partwith.tube,available,33.98,,68,1,9,namecheap,,
1575dfe9-4a8d-4454-bb2a-9dfcb5294166,amplifiers.tube,available,33.98,,56,4,10,namecheap,,
158810fc-b1cf-45ba-99ba-78b974374a39,grams.tube,available,33.98,,70,12,5,namecheap,,
15ba1bc9-aa5f-49de-b2d2-0ae9bb760522,LongBeach.tube,available,33.98,,62,11,10,namecheap,,
15e4fa18-0ae1-4c43-bb04-b21c322d37f0,pierogi.tube,available,33.98,,82,7,7,namecheap,,
1600efd3-6263-4206-9410-dfd688227e0f,imutation.tube,available,33.98,,76,1,10,namecheap,,
162dbbf1-b321-4974-afeb-427869b38f08,motorinn.tube,available,33.98,,74,1,9,namecheap,,
1648755a-dbea-4951-affc-73c46a5bb006,blueberries.tube,available,33.98,,70,9,11,namecheap,,
167a7cf3-5197-4e81-a2e9-4e0bc491b8d8,calendars.tube,available,33.98,,50,13,9,namecheap,,
16dc0203-e4a3-4804-a355-008fbf390f10,minimums.tube,available,23.99,23.99,52,2,8,namesilo,,
16e95669-e385-44ef-af55-7f238518d0f9,blewup.tube,available,23.99,23.99,44,1,7,namesilo,,
16f60a96-4af0-435c-bb6c-432a31d947cd,introducing.tube,available,33.98,,58,8,11,namecheap,,
171290e8-ad62-4cd3-8f2e-030f45694ba1,commonheather.tube,available,23.99,23.99,64,1,14,namesilo,,
172be0de-fd38-4038-9da1-0dd5349fdda3,Apples.tube,available,33.98,,90,16,6,namecheap,,
173289da-3305-4400-83bd-efaf4cd6dc80,pillowcases.tube,available,23.99,23.99,54,2,12,namesilo,,
17366e84-22ca-4bdf-b98d-cd9a728f6230,Xrays.tube,available,33.98,,52,5,6,namecheap,,
174744a4-b227-448d-8587-726f685e255e,VeniceBeach.tube,available,33.98,,56,7,12,namecheap,,
174c66a6-53b2-46c6-a549-e6445afd5a74,getupin.tube,available,33.98,,74,1,9,namecheap,,
17553e0a-f8d2-44fd-8311-c3b6d90fc744,getready.tube,available,33.98,,88,11,9,namecheap,,
175c290a-9276-4a04-8c4c-70847b0aa410,warned.tube,available,33.98,,54,4,6,namecheap,,
176a6b98-8192-409e-9fa0-0b5f4513f560,gives.tube,available,33.98,,52,12,5,namecheap,,
177e775b-032d-4745-b135-b376958ac7b5,thefixisin.tube,available,33.98,,38,1,13,namecheap,,
1799eed4-502c-4126-8007-207bb02c6260,stores.tube,available,33.98,,62,20,6,namecheap,,
17ac9399-4776-4c27-a409-43f1570bc4d0,professions.tube,available,23.99,23.99,50,6,11,namesilo,,
17e46f70-0c59-4f52-b989-53c02a24f14f,sheepdog.tube,available,33.98,,76,9,9,namecheap,,
17fb9420-4442-4a03-bbd2-269877cddf9d,posterpaint.tube,available,33.98,,74,2,12,namecheap,,
180cf838-6e34-48be-8d3d-3a57a4eec8e2,TwinTowers.tube,available,33.98,,66,4,11,namecheap,,
18127f7c-4a44-4586-ad6d-9b6c94d06b7f,hitormiss.tube,available,33.98,,66,3,11,namecheap,,
181c49b8-c856-4f68-9a72-807906a331db,RomanEmpire.tube,available,33.98,,86,4,12,namecheap,,
1828785f-87c6-474d-a287-d84b545e17cc,parkertruss.tube,available,33.98,,48,1,12,namecheap,,
1834dbcb-b263-42cf-9926-11a0fe6a907a,sideburns.tube,available,33.98,,76,3,9,namecheap,,
1837cc26-e06d-4a72-940f-b7d41852488d,Lordonlyknows.tube,available,33.98,,58,1,15,namecheap,,
18519e58-6cca-4acb-a1ed-91041c8a6edb,titles.tube,available,33.98,,56,9,6,namecheap,,
1854268b-6d6b-49fe-8238-1fe6f966fbdb,goingbad.tube,available,23.99,23.99,46,1,9,namesilo,,
186a9ca3-c528-49df-8a30-fcc4665e8327,practitioners.tube,available,23.99,23.99,48,5,13,namesilo,,
1880c687-bcc7-4088-8e2b-d3c2ee6f3e6b,potatochips.tube,available,33.98,,54,5,12,namecheap,,
188ec786-53e6-446e-915f-fa5ebc4c07aa,pans.tube,available,33.98,,52,8,4,namecheap,,
18973a22-c4b4-4b9f-9031-f2ae4370f698,roofs.tube,available,33.98,,50,11,5,namecheap,,
18b4f2aa-113c-4716-be56-d7a14f09d8e6,goforbroke.tube,available,33.98,,72,2,12,namecheap,,
18b6b92c-fddd-4d29-bf89-38d12dde5878,smartest.tube,available,23.99,23.99,64,20,8,namesilo,,
18c3e318-d764-4ffb-8c92-e16a279df07d,ties.tube,available,33.98,,59,9,4,namecheap,,
18efef22-8dbc-422e-bd18-d56d8ded1948,getused.tube,available,33.98,,72,2,8,namecheap,,
1902f5b6-f04a-4f87-a69c-23e53986cb19,justthesame.tube,available,33.98,,46,1,13,namecheap,,
1904304c-e6ea-4f0a-b6aa-8bafe5aa8bf3,cloves.tube,available,33.98,,60,5,6,namecheap,,
1907052f-3a7a-4b78-984a-f08d7c6058d1,gothroughwith.tube,available,23.99,23.99,58,1,15,namesilo,,
19243d6e-4b99-4d23-80a8-9c2313c2c49b,criteria.tube,available,33.98,,88,10,8,namecheap,,
192a215e-36fe-44e8-a6a3-42d67500623b,blowingup.tube,available,33.98,,64,1,10,namecheap,,
19681c3d-e5c0-4840-84fb-5e4ccbba687f,arriveat.tube,available,33.98,,70,1,9,namecheap,,
197c28d2-0a10-47e7-8859-869d70815e10,exclamations.tube,available,33.98,,50,2,12,namecheap,,
198a396a-f72e-4227-9274-1b4d3843e08e,ballplayer.tube,available,33.98,,74,3,11,namecheap,,
19b8dfe6-c2b2-4bec-9c30-a26fe4b50ef0,weights.tube,available,33.98,,56,9,7,namecheap,,
19c5b549-0b68-4080-a490-b9e93bf85736,backs.tube,available,33.98,,56,5,5,namecheap,,
19e835e9-0f75-4b37-b46f-b3d38a1acd32,texted.tube,available,33.98,,59,4,6,namecheap,,
19e9557d-2e60-47dc-8538-776b8c481e5c,reflects.tube,available,33.98,,50,6,8,namecheap,,
19eefabf-4834-4b61-baeb-7b2a5ebf54f5,necks.tube,available,23.99,23.99,52,3,5,namesilo,,
19ef03f7-656a-43b9-982c-78f4cb4fbdec,gusts.tube,available,23.99,23.99,48,3,5,namesilo,,
1a0c7bfd-fdcc-4e9a-a248-22e0ac6e9086,DalaiLamas.tube,available,23.99,23.99,62,0,11,namesilo,,
1a193888-a8bc-4fc8-bb41-48db9f30480c,bonfires.tube,available,23.99,23.99,60,4,8,namesilo,,
1a2f018d-66d7-46a9-9355-7424ef3c482e,getoveroneself.tube,available,33.98,,62,1,16,namecheap,,
1a32e8bf-7e10-4e99-b918-8f3138fa0660,cometofindout.tube,available,33.98,,42,1,16,namecheap,,
1a40422e-89d5-4934-8bc9-b8f03e61d592,fours.tube,available,23.99,23.99,68,8,5,namesilo,,
1a4c29c6-bbaa-499c-9352-5ad8ec85937b,pairofshears.tube,available,33.98,,59,1,14,namecheap,,
1a83ff61-b6b3-4762-8ac9-f71737e8a046,beonto.tube,available,33.98,,74,1,8,namecheap,,
1a905e83-ccf8-4e95-864e-2e29bf075caa,stretches.tube,available,33.98,,50,2,9,namecheap,,
1aa06194-8016-4e02-89bb-fe842e5cf91c,picks.tube,available,23.99,23.99,52,19,5,namesilo,,
1aab3c1e-2886-4169-9196-227b07fe528e,tyres.tube,available,33.98,,52,13,5,namecheap,,
1acb632b-01d9-40aa-947a-ecac9fc9496e,Cheetos.tube,available,23.99,23.99,76,7,7,namesilo,,
1ad24c34-52b1-4a1a-b575-bb06327e37ec,smashandgrab.tube,available,23.99,23.99,48,2,14,namesilo,,
1aef175c-0ac5-491a-a79d-2d9b9faaeb9f,quartertone.tube,available,33.98,,70,3,12,namecheap,,
1af3347c-00d8-4f9b-9314-3af6f6e16fa6,checksandbalances.tube,available,23.99,23.99,66,3,19,namesilo,,
1afa38a4-0361-4ccb-ab37-e577203a2223,publictransit.tube,available,33.98,,66,3,14,namecheap,,
1afb9b02-b440-4ec3-832f-dd46e0926a3e,organisations.tube,available,23.99,23.99,52,3,13,namesilo,,
1afdd4f4-cf72-4d47-ab44-677bb01487a0,nauseousness.tube,available,23.99,23.99,58,1,12,namesilo,,
1b043994-766a-4763-a540-f6c0038174cf,chairmen.tube,available,23.99,23.99,58,3,8,namesilo,,
1b0e4484-a592-40ee-84ec-6ca99efe5262,coffeeroyal.tube,available,33.98,,80,1,12,namecheap,,
1b27f2ca-4532-4e02-b5f2-aa9b2cc7b223,signover.tube,available,33.98,,69,1,9,namecheap,,
1b2f5a74-0a76-4796-b73f-3a84486a154e,cheeseontoast.tube,available,33.98,,64,1,15,namecheap,,
1b330364-4016-46d8-a468-51b658f878c1,gowild.tube,available,33.98,,74,10,7,namecheap,,
1b401c72-819e-44a1-8044-c3079ba5a84a,rages.tube,available,23.99,23.99,40,4,5,namesilo,,
1b407d4d-109c-4088-926a-cc50288ee3a3,honeymoons.tube,available,23.99,23.99,64,6,10,namesilo,,
1b40fa60-dc8e-4f43-8c3d-3bd80fd5fd8d,arrived.tube,available,33.98,,50,12,7,namecheap,,
1b4107db-8ccf-4ac6-8526-4e7672cd2faf,reflections.tube,available,33.98,,53,16,11,namecheap,,
1b58e584-b5e1-4356-b15e-5f0a921ab38a,parkingfine.tube,available,33.98,,46,2,12,namecheap,,
1b68cf93-2197-4f29-bc27-5c8d35335535,coffeecake.tube,available,33.98,,80,2,11,namecheap,,
1b7a420a-3312-40a6-94ec-e3c4daf24e02,pumpup.tube,available,33.98,,76,5,7,namecheap,,
1b9f9e59-1f58-469a-aada-71a5f7e6fec8,adverbs.tube,available,33.98,,50,3,7,namecheap,,
1ba05360-bc27-4a4f-9007-fafecbcd41a6,brosbeforehos.tube,available,33.98,,38,1,15,namecheap,,
1bb2a50b-5700-4eb4-b371-846251c31d61,inspiration.tube,available,33.98,,88,30,11,namecheap,,
1bdcbe02-0c32-4e59-8115-629745babd19,synchronizes.tube,available,33.98,,62,1,12,namecheap,,
1be1c47e-7213-4f2f-b87f-5917f49b172e,relocations.tube,available,23.99,23.99,54,5,11,namesilo,,
1be5bc5c-3d1d-42ee-a21a-d26bf37a1142,furthermore.tube,available,33.98,,68,7,11,namecheap,,
1bf0fe4f-fe3f-49a6-9c29-35b8e090445e,turns.tube,available,33.98,,62,7,5,namecheap,,
1c0ae84a-8b4e-45e5-a1ee-64b79967b597,lies.tube,available,33.98,,60,12,4,namecheap,,
1c39e913-0d1c-450c-a2b8-60aa95bd55ce,generalrank.tube,available,33.98,,50,1,12,namecheap,,
1c5b4e9d-186c-40fa-a078-74c919c7ae0b,flipthescript.tube,available,33.98,,72,6,15,namecheap,,
1c65a130-d0b3-428e-a7cf-a8f0c37559a4,insuchaway.tube,available,23.99,23.99,44,1,13,namesilo,,
1ca2817e-5d32-40d8-8ad3-eaedcd926875,overeasy.tube,available,33.98,,68,8,9,namecheap,,
1ca81dde-d3a2-4424-ae0b-04f32cbe8641,owning.tube,available,23.99,23.99,52,7,6,namesilo,,
1cad4d9e-a9f1-40cc-836b-f4748cafb8c6,carols.tube,available,33.98,,56,7,6,namecheap,,
1cce601d-cb86-40f6-b738-540c754c268a,finaltest.tube,available,33.98,,58,2,10,namecheap,,
1d0bc163-7674-4520-a9c1-614c92a6068d,toboggans.tube,available,33.98,,59,1,9,namecheap,,
1d323cea-3ea8-45f6-81f3-1d32358a8498,fruitvinegar.tube,available,33.98,,50,1,13,namecheap,,
1d33e01a-d2e0-4e58-98be-f003b6d6f3db,noparking.tube,available,33.98,,44,5,10,namecheap,,
1d4b4bb8-2a58-41e6-81b1-3653b1eeb0a6,movemountains.tube,available,33.98,,72,4,14,namecheap,,
1d5d904f-0897-4e6b-a5fe-0220f8cbe85e,timetables.tube,available,23.99,23.99,50,4,10,namesilo,,
1d62c44e-212a-4a9c-ab91-a1359f7da6f4,universities.tube,available,33.98,,54,9,12,namecheap,,
1d687694-774a-49f9-bf30-4cb955f0904d,someoneelse.tube,available,33.98,,54,3,12,namecheap,,
1dc85802-1820-402d-a2b7-caf6418ac43e,adventures.tube,available,33.98,,64,18,10,namecheap,,
1dd9a6c6-29df-4508-80aa-38ea66e9132b,skies.tube,available,33.98,,63,11,5,namecheap,,
1ded3763-ff67-4415-85e8-910e03d3adfb,Ihaveadisability.tube,available,33.98,,50,1,19,namecheap,,
1e307db5-e186-4d14-9174-76878200106c,electricalfield.tube,available,33.98,,62,1,16,namecheap,,
1e3f5443-3315-4c7d-ac4d-d915382c9a89,relics.tube,available,33.98,,52,7,6,namecheap,,
1e509088-da5d-4707-a110-6a01ad1a2ae1,makesaneffort.tube,available,23.99,23.99,52,1,15,namesilo,,
1e67c08c-9d9c-4ecb-9b04-88ba7e8a4562,chairs.tube,available,33.98,,54,11,6,namecheap,,
1e9b4e03-b32e-400e-a22b-1090a18ddb7e,turnorburn.tube,available,33.98,,56,1,12,namecheap,,
1ebc5dc8-af1e-48b1-8e1a-b01e5fd4f4e8,charts.tube,available,23.99,23.99,64,18,6,namesilo,,
1ec5b3bb-eb4e-4ffe-b125-3954fcf46265,Imustgo.tube,available,33.98,,58,1,9,namecheap,,
1ecdc0ca-6441-4c67-9827-61e42763d9b9,passed.tube,available,33.98,,62,6,6,namecheap,,
1f1fc89b-d100-4475-82d4-425bbeb032cd,vendors.tube,available,23.99,23.99,56,12,7,namesilo,,
1f2a59bb-bca2-4e53-9033-cc40797730d4,officestaff.tube,available,33.98,,57,2,12,namecheap,,
1f375c3d-3886-416a-94a4-8217568bf238,justin.tube,premium,125,,58,38,7,name.com,,
1f4a2c13-f695-4e97-9c37-30ec33519a0e,etc.tube,premium,62.5,,58,34,3,name.com,,
1f6ef83f-ed3a-43ea-8c54-6eb08646b9b2,shares.tube,premium,62.5,,58,18,6,name.com,,
1f75ed04-84f6-4ba4-82dc-efefaf4edc5b,gobackon.tube,available,33.98,,72,2,10,namecheap,,
1f88671c-f9fc-42e2-b98c-bcdb0ab38568,textmessages.tube,available,33.98,,52,3,13,namecheap,,
1f9a1deb-e01e-48af-a772-3dbb12f486f1,sexualassault.tube,available,33.98,,43,3,14,namecheap,,
1ff8d077-cbcc-4290-989c-72e521de5cd3,genericnames.tube,available,33.98,,42,2,13,namecheap,,
202a979f-c4f5-4c7a-9652-96b476a6724f,ambulances.tube,available,23.99,23.99,58,5,10,namesilo,,
2031b9a5-5d18-4bc6-9cf3-0d8d81c7a195,toomuch.tube,available,33.98,,78,11,8,namecheap,,
205335c3-755a-4ce0-8b62-1f6dd1b56997,woes.tube,available,23.99,23.99,46,4,4,namesilo,,
205349dc-0b17-44a5-a866-6b3017c38c3b,makeitcount.tube,available,33.98,,72,8,13,namecheap,,
20591042-1d39-4219-be98-b892f2023c17,herbsandspices.tube,available,33.98,,54,3,16,namecheap,,
205c5d10-4717-4a3b-a9f9-a1c2d3c3994f,rollover.tube,available,33.98,,75,8,9,namecheap,,
205dad77-5630-4e6f-9201-aabbb4a03959,hovers.tube,available,23.99,23.99,56,3,6,namesilo,,
206a8bd0-c104-4c41-b2b9-f037e5981bb0,gorogue.tube,available,33.98,,64,4,8,namecheap,,
20798be5-e7ac-4017-96a5-bc7636340dad,landedproperty.tube,available,33.98,,42,1,15,namecheap,,
20caa4ef-75e6-4de3-9f26-f3861fde1153,risks.tube,available,23.99,23.99,43,10,5,namesilo,,
20ecc1b9-2b61-46cc-821a-3c7edaf2f93c,settingup.tube,available,23.99,23.99,54,1,10,namesilo,,
2106e387-92d1-4b4a-9a36-5d3a6239396f,inthemain.tube,available,33.98,,50,1,11,namecheap,,
210d5ab5-a315-4366-8513-7d3ac934ea69,expects.tube,available,23.99,23.99,50,3,7,namesilo,,
2121d5fb-93a5-4f5d-a0e3-9694d5597bcd,proxymurder.tube,available,33.98,,36,1,12,namecheap,,
212cdbb9-2a23-417d-a45e-4a02b96548b5,demotes.tube,available,23.99,23.99,46,1,7,namesilo,,
21700121-8e10-49af-87d5-c65c625f5ca7,pardonme.tube,available,33.98,,62,4,9,namecheap,,
21d2b1ee-b16d-4e19-9aea-9f29af931a65,havenot.tube,available,23.99,23.99,66,4,8,namesilo,,
21d3a859-c723-4aae-af7e-2d1e723aced6,keepthefaith.tube,available,33.98,,70,4,14,namecheap,,
21efbc21-e635-4349-bea8-053a6f228963,berries.tube,available,33.98,,60,13,7,namecheap,,
22032914-a8d0-4320-9cab-e0fca4f8d352,suits.tube,available,33.98,,61,13,5,namecheap,,
220af0c1-d5a4-41e1-8e44-427f3fec1119,makingwaves.tube,available,23.99,23.99,64,7,12,namesilo,,
220f5a79-ed02-4506-aa71-8a2d61e33e88,subsidiaries.tube,available,23.99,23.99,51,2,12,namesilo,,
220fbb27-96a1-4947-a543-93d2dfda6633,summertime.tube,available,33.98,,78,11,11,namecheap,,
22201733-17af-44e9-8578-8768b1a361d6,rollinginit.tube,available,33.98,,46,1,13,namecheap,,
2253491d-762a-41e3-9f6d-26d246cc39a2,chiefofstate.tube,available,33.98,,60,1,14,namecheap,,
225b27db-ef74-4667-9a6f-f3d032cedb56,longfor.tube,available,33.98,,70,3,8,namecheap,,
22652168-33ee-46f1-82ff-522a2b65b621,letsomethingride.tube,available,33.98,,67,1,18,namecheap,,
226cf0c7-1db4-4737-907e-4591f79b248a,thundered.tube,available,23.99,23.99,49,2,9,namesilo,,
22b99fc3-5d9a-4386-9527-6e04885e37b5,introduces.tube,available,33.98,,58,2,10,namecheap,,
22bae043-89e1-40af-8d6e-da064c1441aa,newsfeed.tube,available,33.98,,54,8,9,namecheap,,
22bbc9db-0526-4d82-8028-7d65277f3d54,Mexicans.tube,available,23.99,23.99,54,5,8,namesilo,,
22d64c28-0aaa-4252-9168-ab3c7eaa8070,designerstubble.tube,available,33.98,,66,1,16,namecheap,,
22d698a9-3cfe-4b4e-afd7-49fcd8d397e3,lunchboxes.tube,available,23.99,23.99,60,4,10,namesilo,,
22e88cfe-6506-47c0-9e5e-ccfc69b3ff36,cousins.tube,available,23.99,23.99,68,11,7,namesilo,,
22eb1e3b-e9de-498b-844c-22fd8cea1875,reflexes.tube,available,23.99,23.99,55,4,8,namesilo,,
22ed81fd-67af-41c4-a749-f8bebbbaf37f,instep.tube,available,33.98,,72,7,7,namecheap,,
22ed9308-0ca2-4d8e-a75e-1ed73e5c09c0,goawry.tube,available,33.98,,66,0,7,namecheap,,
22fdac76-cf6f-4225-9039-e917bdc07f4b,inducts.tube,available,23.99,23.99,50,1,7,namesilo,,
22ff5213-cf65-4728-ba1e-c11fb4451c0d,estimationtheory.tube,available,33.98,,60,1,17,namecheap,,
230997dd-0342-468d-b7af-d18ef6671b7d,shoparound.tube,available,23.99,23.99,80,3,11,namesilo,,
230c7e88-741e-4256-aca6-464baf352fd4,drycleaning.tube,available,23.99,23.99,74,9,11,namesilo,,
2319069b-3fa2-4320-a0dd-e68ce8ff8a77,letoffsteam.tube,available,33.98,,76,1,13,namecheap,,
2320eada-9ae7-49c2-9141-c21069932d0a,communitycolleges.tube,available,23.99,23.99,54,2,18,namesilo,,
232fac79-0bfa-4390-8790-fe5b46d64e8b,truer.tube,available,23.99,23.99,57,8,5,namesilo,,
2356f60a-3a85-4d0c-84fb-66409c0cc17f,cheeseit.tube,available,33.98,,54,2,9,namecheap,,
23685a89-8e10-48ce-90ed-808e1fe8709e,happier.tube,available,33.98,,62,16,7,namecheap,,
23776f33-08c1-4d9e-adac-cc7d81e19530,Frenchicecream.tube,available,33.98,,72,1,16,namecheap,,
23c31ceb-3a74-4f45-b51b-a8c4ac3d85be,sides.tube,available,33.98,,54,12,5,namecheap,,
23f1ac33-389b-4fde-8395-9d5358bab49b,whitewine.tube,premium,468.75,,76,6,10,name.com,,
23f27641-0bfd-4029-8d39-c55b34eca617,barbecues.tube,available,23.99,23.99,66,4,9,namesilo,,
240240e9-0b08-4170-b4ba-5d83893308bc,totals.tube,available,23.99,23.99,56,6,6,namesilo,,
2416d053-59dc-4278-b1cc-48466d29edee,Ihaveatoothache.tube,available,33.98,,50,1,18,namecheap,,
241870b0-33d9-41e2-99b6-654d039bcd37,cements.tube,available,23.99,23.99,56,3,7,namesilo,,
242c5c31-5c55-42f6-8d95-7f513ac5c09a,placeupon.tube,available,33.98,,48,1,10,namecheap,,
242ca8df-e762-469e-a226-f44ffbcbe255,getoneoveron.tube,available,33.98,,64,0,15,namecheap,,
243561f5-7fab-4cb0-83e1-94bab18aefb5,goosebumps.tube,available,23.99,23.99,56,12,10,namesilo,,
244a8e2f-21e9-4316-8ec8-4c52907443e8,sameoldstuff.tube,available,33.98,,34,1,14,namecheap,,
246414e6-f90d-445d-a0d7-382889457b05,drums.tube,premium,125,,54,11,5,name.com,,
246e5aa6-9292-4dbc-86e1-3f11956bcd69,sqm.tube,premium,125,,54,11,4,name.com,,
24cf36ca-3b2c-446f-bd2a-3ebe7ade74bd,carryforward.tube,available,33.98,,66,3,13,namecheap,,
24f003df-bec4-40e7-8461-3f6e16a95900,godark.tube,available,33.98,,68,5,7,namecheap,,
24fe6a9b-c4e8-43d4-90d1-9b3c4b82f59c,closets.tube,available,33.98,,56,10,7,namecheap,,
250e29bd-78c3-4e4a-bac4-7acd04055c01,keeptrackof.tube,available,33.98,,48,1,13,namecheap,,
2522d527-52ba-4538-80ca-a9d325590ca3,JusticeLeague.tube,available,33.98,,52,7,14,namecheap,,
253a646f-2852-419f-a3a7-ab29fc986054,fittest.tube,available,33.98,,58,7,7,namecheap,,
2542b1e7-3bca-425d-8c01-a1cf57fe8792,settings.tube,available,33.98,,52,12,8,namecheap,,
254d5b79-4daf-4988-8e70-4617043bee13,prettier.tube,available,33.98,,62,5,8,namecheap,,
257dc123-38d8-4c6c-8c2e-3130aa2706c8,prettiest.tube,available,33.98,,62,4,9,namecheap,,
25a913da-c5cc-4603-b32b-3fe9fd183842,desktoppublishing.tube,available,33.98,,66,3,18,namecheap,,
25b81fa9-1671-4452-b41c-3e02dda26b19,demoted.tube,available,23.99,23.99,46,1,7,namesilo,,
25caeae0-ed2a-43a7-94d6-2a047382f82e,Ilostmyhandbag.tube,available,33.98,,50,1,17,namecheap,,
25e4f787-a468-4d64-b45b-bac05fb8b8ad,eachtotheirown.tube,available,33.98,,46,1,17,namecheap,,
25efaf7d-b1e2-439f-bdeb-483e0f6a04ce,getittogether.tube,available,33.98,,75,3,15,namecheap,,
262822d5-efc7-45da-8d10-58458eb75ab9,getoutthevote.tube,available,33.98,,70,2,16,namecheap,,
2667bf00-f8c8-429e-9095-85aa21266d21,alters.tube,available,33.98,,52,6,6,namecheap,,
266e3b9d-cdf7-4e9b-9cb6-c1be78f14bf5,propernouns.tube,available,23.99,23.99,48,1,12,namesilo,,
2672be76-3e29-4c91-9d84-1bc2a3fe88c2,inshortorder.tube,available,33.98,,52,0,14,namecheap,,
268bb475-486b-437b-9572-2cdb6aa89954,cliponnecktie.tube,available,23.99,23.99,48,1,15,namesilo,,
26920c79-60bd-49c1-a9ba-d79f6a07ab20,manualworker.tube,available,33.98,,42,0,13,namecheap,,
269ed258-a214-4974-af57-08ab9f30f4c1,sits.tube,available,33.98,,54,10,4,namecheap,,
26c9754e-adcc-445a-a660-c8bd0d01d28a,visioned.tube,available,33.98,,71,4,8,namecheap,,
26cb8e4e-1a04-4d6e-a276-4b7efdcbbf86,executivecontrol.tube,available,33.98,,64,1,17,namecheap,,
26d4a663-2fd1-442e-91c7-b9422e2d57d5,relied.tube,available,23.99,23.99,50,3,6,namesilo,,
26f312e4-ec1f-44af-9cc8-daeeade41200,squalls.tube,available,33.98,,44,2,7,namecheap,,
26f6769d-31b5-42b2-8bdf-5b5f2e7c0ec6,HoChiMinhCity.tube,available,23.99,23.99,64,7,16,namesilo,,
270aa5b9-baef-4516-a875-4ede1ac7aa0c,porkroast.tube,available,33.98,,59,0,10,namecheap,,
27126797-a9bb-4585-b74e-bbec6ff1f35a,letusgo.tube,available,33.98,,57,4,9,namecheap,,
27182f6b-a2cb-4460-9967-4ce984a88b5a,Icouldeatabrick.tube,available,33.98,,50,1,19,namecheap,,
272a7843-d476-41e7-9ce2-8ed0958ecadd,counselling.tube,available,33.98,,82,13,11,namecheap,,
273fce3b-b659-487a-9ba6-1da4c99fec68,CountyofWilkin.tube,available,23.99,23.99,42,1,16,namesilo,,
27445cf1-4bab-4d7a-8a38-db1154b7afad,motions.tube,available,33.98,,62,12,7,namecheap,,
274cd5f0-3980-47fb-8003-2f1217ac5bc2,teenyweeny.tube,available,33.98,,78,2,11,namecheap,,
2763fbcf-74cc-45f9-a311-2270397bfd6e,commonleopard.tube,available,33.98,,46,0,14,namecheap,,
27aa94e3-0e66-470d-8f79-b5373b6c08a2,differences.tube,available,33.98,,52,4,11,namecheap,,
27b62925-1d42-4d38-a11c-f841d14388c7,useit.tube,available,33.98,,94,7,6,namecheap,,
27b80970-db84-4284-8fea-2e7abe683d64,startover.tube,available,33.98,,78,6,10,namecheap,,
27bdd38f-5d26-44be-92c5-b6de319979b5,pitchdark.tube,available,33.98,,55,2,10,namecheap,,
27d78935-a858-4be2-a3ad-ba790845399c,blogs.tube,premium,125,,52,21,5,name.com,,
27f444ee-f836-4c5e-a275-adc8077dafd6,modernschool.tube,available,33.98,,48,2,13,namecheap,,
27f6e263-6792-49e5-91ab-f85de8d29564,whats.tube,available,23.99,23.99,58,24,5,namesilo,,
2811a284-8e0c-4359-8053-a9a2e1fcd827,alcoholintoxication.tube,available,33.98,,48,1,20,namecheap,,
28127030-9284-4dd0-84ad-927548611e89,gettosecondbase.tube,available,33.98,,47,1,18,namecheap,,
28180c4c-49ee-4ef8-9cbb-b9316fafb73c,proofs.tube,available,33.98,,55,13,6,namecheap,,
282b895b-4a5f-4627-a912-610035cffe21,speeds.tube,available,23.99,23.99,53,8,6,namesilo,,
282c331c-0229-49b4-9fea-5a039525faa7,letthebuyerbeware.tube,available,33.98,,67,0,20,namecheap,,
28390468-9bb7-4d9d-8c5a-cb8cd6021387,sugars.tube,available,33.98,,55,8,6,namecheap,,
284961ed-d0dd-48fb-9d70-f85b2be8780b,stints.tube,available,33.98,,52,3,6,namecheap,,
286af9cd-c41d-42da-b772-a36a343d14fc,pestcontrol.tube,available,33.98,,74,18,12,namecheap,,
287f741d-27ac-45d3-a1c9-7958dbee9fbc,inshorttrousers.tube,available,33.98,,58,1,17,namecheap,,
2888d15a-1b85-4278-a538-67e2a125c818,behaviours.tube,available,23.99,23.99,54,3,10,namesilo,,
288c491a-bf72-492c-9ae3-0ae94c98fe05,sorethroat.tube,available,33.98,,64,2,11,namecheap,,
288ca2f0-6f71-425e-a6e7-91bb24784076,porkrib.tube,available,33.98,,55,0,8,namecheap,,
289b41dc-4e12-4ce3-95c5-c1f883e595a1,keepbooks.tube,available,23.99,23.99,52,2,10,namesilo,,
28b08a0f-5b8e-4cd7-8df8-865ae4f887c0,fittoaT.tube,available,33.98,,64,1,10,namecheap,,
28b0fbb3-f512-4da3-b0ec-c7a9bb6fe7ac,sharps.tube,available,23.99,23.99,70,9,6,namesilo,,
28b6f99f-a0ce-4d3e-8309-504b18c854a1,does.tube,premium,62.5,,60,15,4,name.com,,
28bbc96f-d7f4-4eb7-93da-a7abe23d35df,swaps.tube,available,23.99,23.99,50,10,5,namesilo,,
28c8f04b-ff5c-4ea3-8b25-ce77e42cb178,rarest.tube,available,23.99,23.99,56,5,6,namesilo,,
28da6934-8281-422f-8105-c54c0d5ccc31,costbenefit.tube,available,33.98,,52,3,12,namecheap,,
28dd99ad-49f8-495d-aaf5-f805a2e14095,midlife.tube,available,33.98,,74,11,8,namecheap,,
29052628-8833-4563-8210-00a72d3e2c12,specializing.tube,available,23.99,23.99,52,2,12,namesilo,,
2925e0c9-8986-42b4-9acf-c282ff419801,overanxious.tube,available,33.98,,64,1,12,namecheap,,
2932049c-f162-48ba-a8b4-96efd52b8271,doesnotcompute.tube,available,33.98,,40,3,16,namecheap,,
2945f84a-07c6-45a6-b418-8d0a0d38281d,shouts.tube,available,33.98,,47,5,6,namecheap,,
2965de1b-a96e-4a57-baf2-02d04c69d7c0,Wikipedias.tube,available,33.98,,53,2,10,namecheap,,
29671d82-fde7-427a-a335-47f174e6bc3f,makeupremover.tube,available,33.98,,70,2,14,namecheap,,
297a9a4a-ee7c-4b1b-9a58-5a8185db32fe,sportsperson.tube,available,33.98,,77,2,12,namecheap,,
29f66bd7-9f9d-4630-9c9b-30c44ecb9cf3,mattresses.tube,available,33.98,,56,8,10,namecheap,,
2a0a73a0-f65d-4536-af60-b4601d62357f,getthemeaning.tube,available,33.98,,69,0,15,namecheap,,
2a26c2bf-b329-45ff-9898-59d4ae09d75c,genericterm.tube,available,33.98,,68,0,12,namecheap,,
2a284232-2b6a-4e9f-a3cd-38ce06a36021,officeclerk.tube,available,33.98,,49,1,12,namecheap,,
2a4eb781-d56f-4cbe-a45c-3cad3ea48d37,stalled.tube,available,33.98,,48,3,7,namecheap,,
2a52af37-1194-4cc0-88f7-f7b458b5adb8,roses.tube,available,33.98,,68,16,5,namecheap,,
2a5f3a53-9d8e-4499-b374-06afee46e6c7,backsomersault.tube,available,33.98,,50,1,15,namecheap,,
2a617e3b-c475-4e03-9129-7055168e339d,donuts.tube,premium,62.5,,54,62,6,name.com,,
2a71358b-e606-4aba-8b29-d88e88c1d79f,deeppockets.tube,available,33.98,,78,3,12,namecheap,,
2a7792ef-94d1-4d02-82e8-9e3750176a67,wonders.tube,available,33.98,,62,16,7,namecheap,,
2a8d0b4b-1d5a-40a6-a296-a2cfd4537899,rollwithit.tube,available,33.98,,56,5,12,namecheap,,
2ace1c5c-7467-45f5-b0be-157f95b1d1c1,droppedoff.tube,available,23.99,23.99,52,1,11,namesilo,,
2ad8036f-b7d5-4249-a570-08022ac5ef9f,samples.tube,available,33.98,,60,12,7,namecheap,,
2ad97d29-4591-48cb-b8ee-097d90f584ea,cases.tube,available,33.98,,50,12,5,namecheap,,
2aec1477-7a56-448e-8d2d-4b2defa48959,tunnelvision.tube,available,33.98,,60,9,13,namecheap,,
2b3a32a3-e4fe-4a09-8e30-a2a2819297bc,Cathy.tube,premium,70,28,66,14,5,namecheap,,
2b5a7ba4-d1b7-45c0-835d-becbe40119a4,backstretch.tube,available,33.98,,74,3,12,namecheap,,
2b63c421-fac4-4c32-b483-bb3498bd414d,publichealth.tube,available,33.98,,72,13,13,namecheap,,
2b87de57-5110-493c-9186-c5bb0991af55,specks.tube,available,23.99,23.99,44,5,6,namesilo,,
2ba3eea2-94b7-4a8b-b891-dcd8b0581084,videocameras.tube,available,23.99,23.99,52,3,13,namesilo,,
2baeb8d8-24ff-489a-8ed6-f7ddc2699f3f,additions.tube,available,33.98,,58,4,9,namecheap,,
2bd934ac-5b9b-4b5c-9fcc-df3d0ccc5c45,CincodeMayo.tube,available,33.98,,68,7,13,namecheap,,
2bf4b066-8484-4ff1-90e0-1ade8304aea8,fundamentals.tube,available,33.98,,74,15,12,namecheap,,
2c2438c1-b00c-4d1b-bfd1-a5e1c02fcb39,opts.tube,available,33.98,,54,8,4,namecheap,,
2c4b0351-759a-4935-a036-4d7f9edc23d6,committees.tube,available,23.99,23.99,48,3,10,namesilo,,
2c50ced4-881e-4abc-99e2-ae2a0183f539,reservations.tube,available,33.98,,50,17,12,namecheap,,
2c5cbef2-ec8e-446b-8460-477baf322055,getwiththeprogram.tube,available,33.98,,69,2,20,namecheap,,
2c609ab9-4ef6-4ea5-bba7-6ba261669abd,gonumberone.tube,available,23.99,23.99,40,1,13,namesilo,,
2c6b39d2-adbc-4317-bead-ba74f6952c6f,trades.tube,available,23.99,23.99,71,26,6,namesilo,,
2c877114-7b83-4647-8b17-9d83e168f033,massagetherapy.tube,available,33.98,,76,8,15,namecheap,,
2cb7a4df-de9a-44fd-9a4f-9f4511be0082,standingout.tube,available,33.98,,62,2,12,namecheap,,
2cd4f2ea-d2fb-4de3-94d1-ef16a55c493f,tales.tube,available,33.98,,72,14,5,namecheap,,
2cdf882b-f39a-4b8e-afef-0aa9b538455a,cucumbers.tube,available,23.99,23.99,74,4,9,namesilo,,
2ce88075-7922-4fee-88a1-f1fc12310ccb,herbbutter.tube,available,33.98,,80,1,11,namecheap,,
2d0a3353-5086-4215-9551-247f69dfbbe3,fitlikeaglove.tube,available,33.98,,76,1,16,namecheap,,
2d1ae61c-3bf8-4ac4-b3f8-d52d4ae53e00,estates.tube,available,33.98,,50,16,7,namecheap,,
2d297854-1811-49e3-abb0-3e1c49ed8d8b,positions.tube,available,23.99,23.99,48,7,9,namesilo,,
2d4ea1d1-fd02-46d5-8643-50deeea83454,inwaiting.tube,available,33.98,,50,1,10,namecheap,,
2d50992a-6c60-4fe7-981a-3a20d4da116b,steerclear.tube,available,33.98,,80,2,11,namecheap,,
2d528e41-a4a0-4125-acd1-98ba0e238bd1,onfire.tube,available,33.98,,50,12,7,namecheap,,
2d60a102-4e3b-43cb-ab3e-b7d281b587bb,getlucky.tube,available,33.98,,84,10,9,namecheap,,
2d639ded-5bfe-4262-8b7b-64f42371647f,gobythewayside.tube,available,33.98,,62,1,17,namecheap,,
2d682760-8fdd-4b0a-ab86-58680d10257e,getoutta.tube,available,33.98,,54,1,9,namecheap,,
2d78e5c8-e730-448c-afe2-9b9b05751d51,godownhill.tube,available,33.98,,68,1,11,namecheap,,
2d826f01-aca6-4c48-bfb7-9f2ae5f3708f,pictures.tube,premium,125,,82,17,8,name.com,,
2d87370b-33d2-45c2-8296-5e872d928013,walktheline.tube,available,33.98,,68,3,13,namecheap,,
2d9f90c8-a812-4494-9fca-e9780a7abf24,rumoured.tube,available,33.98,,50,2,8,namecheap,,
2da9855a-f615-4935-accc-e3a3c902764b,thongs.tube,premium,62.5,,50,5,6,name.com,,
2dc53f09-7451-4ddd-ac64-a9567fcfecae,scoopup.tube,available,33.98,,68,3,8,namecheap,,
2dd1c942-a528-4d7d-a3da-4e57f4467ac3,teams.tube,available,33.98,,62,32,5,namecheap,,
2dd4f11b-d78e-43d1-b383-a9f8dcb154cf,godownfighting.tube,available,33.98,,44,1,16,namecheap,,
2dd91751-5d36-41fd-a995-239aed9c6051,bubbles.tube,available,33.98,,72,21,7,namecheap,,
2ddf4a1d-337d-486a-9b6c-cfc12fad9c77,monkeys.tube,available,33.98,,56,13,7,namecheap,,
2e13d25e-2e6f-4a4a-b815-c7584184729d,comeoff.tube,available,33.98,,72,1,8,namecheap,,
2e5bf6b8-4fe8-452e-8720-3ed2bec2dbcd,moulds.tube,available,33.98,,52,5,6,namecheap,,
2e65f4e9-41c4-4df8-988d-40151d4230d0,choirs.tube,available,33.98,,58,5,6,namecheap,,
2e6fafa1-f763-4718-87de-b50658e31108,revolutions.tube,available,33.98,,52,9,11,namecheap,,
2e7bd0d7-01c8-4e13-b67b-1cba7767b82a,comics.tube,premium,125,,68,24,6,name.com,,
2eaca6b4-dda8-4a2e-8909-fa148e08a7b4,bottles.tube,available,33.98,,62,12,7,namecheap,,
2ec385fb-73cb-477a-ba24-3734bafd9c16,errors.tube,available,33.98,,46,11,6,namecheap,,
2eec61da-8c60-4a19-b854-acd09a95ce48,inthelongrun.tube,available,33.98,,60,2,15,namecheap,,
2ef37f37-c393-45e4-8413-5dc4601818ce,moveup.tube,available,33.98,,79,14,7,namecheap,,
2efb2270-84d8-43c3-85bf-590f7dbe7dce,shorted.tube,available,33.98,,61,4,7,namecheap,,
2efc6158-3f0f-4f18-952c-243d9a5431c4,actors.tube,available,33.98,,60,14,6,namecheap,,
2f331bdb-8823-43de-a644-6e6fd5a339a6,waxedpaper.tube,available,33.98,,65,1,11,namecheap,,
2f48f4db-743c-4e22-88bb-43ff83f0d032,longlasting.tube,available,33.98,,68,3,12,namecheap,,
2f4d0af1-a593-45a2-b71c-c9189cd109ae,changeup.tube,available,33.98,,70,8,9,namecheap,,
2f89fa14-6a82-4374-9970-3d1a19a1faac,stepping.tube,available,33.98,,73,5,8,namecheap,,
2fb4d477-65dc-40af-a473-9a28f26bf82e,breasts.tube,premium,62.5,,50,9,7,name.com,,
2fcb79c6-763d-498f-ae96-4bdb8162912f,bedframe.tube,available,33.98,,80,3,9,namecheap,,
2fd5af23-a60f-42a4-bd11-fbb52be3eeef,dogstooth.tube,available,23.99,23.99,76,1,9,namesilo,,
2fd71e99-d978-41d3-b4a8-fbbb5fe4a663,highschoolstudent.tube,available,33.98,,55,0,19,namecheap,,
2fe4ec67-debe-4125-ab9a-d32269bbd157,dollars.tube,available,33.98,,64,12,7,namecheap,,
2fe70821-3052-41b7-a6ec-3467d86a1f66,proxyvoting.tube,available,33.98,,62,2,12,namecheap,,
2fee1a2f-d899-4ac7-923f-e8dedecabbbe,chickenfriedsteak.tube,available,33.98,,72,1,19,namecheap,,
2ff7c6ea-3d94-4e9f-afe9-c1ed61c32519,explanations.tube,available,33.98,,50,2,12,namecheap,,
300357c6-0d6d-4da0-b31c-5facfbd2fb11,goround.tube,available,33.98,,68,3,8,namecheap,,
301fbeb4-b0d2-4770-839b-22d30e04626e,decideon.tube,available,33.98,,76,2,9,namecheap,,
3033a9cb-fa64-42c1-8540-fa091700efbf,privatestock.tube,available,33.98,,64,5,13,namecheap,,
304034fe-018c-4cb8-b5cd-21cccc68e20a,rights.tube,available,33.98,,50,19,6,namecheap,,
3047e856-68da-418d-82c3-858623695445,makethefinalcut.tube,available,33.98,,50,1,18,namecheap,,
304e60c5-8cde-4533-8181-f0806f082c25,missionimpossible.tube,available,33.98,,68,5,18,namecheap,,
30608693-605f-43b7-8a63-904cc0a235d2,mentalnote.tube,available,33.98,,54,3,11,namecheap,,
306b59ea-73bc-41bc-b1dd-484f05359501,disorders.tube,available,23.99,23.99,46,5,9,namesilo,,
308b6cc5-b817-4cbb-8806-f4000f62399c,costefficient.tube,available,33.98,,60,1,14,namecheap,,
30a273ac-0dcb-4ea7-9ce0-183b316f9a91,Alexis.tube,premium,125,,72,21,6,name.com,,
30ab3fac-67ab-41fe-adfe-217a89b3b8c0,feelfor.tube,available,33.98,,70,2,8,namecheap,,
30ad346b-4225-43f5-8309-d66721c5c8d7,reservation.tube,available,33.98,,65,19,11,namecheap,,
30b32504-1e04-449d-be8c-81132496b09b,ventured.tube,available,33.98,,60,6,8,namecheap,,
30c5673c-e775-44e7-9442-33518b38529a,Ideclare.tube,available,33.98,,58,3,9,namecheap,,
30e11f7e-ecf3-4260-9e15-7493e16536c5,affections.tube,available,33.98,,62,2,10,namecheap,,
310048c8-eeb2-46e5-8587-09d4bb697330,sterilization.tube,available,33.98,,66,3,13,namecheap,,
31166039-5a65-4f55-81a2-b828cb5bc6aa,deadonarrival.tube,available,33.98,,46,2,15,namecheap,,
314de0f3-75a8-41a3-af8d-378b87878774,smashup.tube,available,33.98,,58,5,8,namecheap,,
3154da16-8712-48cf-bc10-2e2aab0a7a19,comeonstrong.tube,available,33.98,,66,2,14,namecheap,,
316a552f-f1d4-4b92-b1ea-3f216a1cc881,clearthrough.tube,available,33.98,,44,0,13,namecheap,,
316bda21-c1c3-4e50-abe4-ba0863494feb,snaps.tube,available,33.98,,52,20,5,namecheap,,
3178d0ae-a63c-49c3-84c1-ae1072547b37,somuchfor.tube,available,33.98,,46,0,11,namecheap,,
318f1bbb-7cec-41c7-8d03-abc918a73506,decidence.tube,available,33.98,,74,1,9,namecheap,,
319397d0-002b-4e70-b208-262bdfc521d7,thenandthere.tube,available,33.98,,54,2,14,namecheap,,
31b65d2e-6bc0-4f51-9045-13069b453670,overstatement.tube,available,33.98,,54,2,13,namecheap,,
31c34f93-ad0f-4a9d-9d30-906abd59061f,textmessaging.tube,available,33.98,,66,2,14,namecheap,,
31c6e5b9-c57b-45a5-9bac-c2c969ae24ab,carryover.tube,available,33.98,,70,2,10,namecheap,,
31f1dfb2-8ce2-4f95-b40e-88886d03be10,commonterm.tube,available,33.98,,68,1,11,namecheap,,
31fa2e1d-3e17-459a-addb-d8411e5612c9,dogsick.tube,available,33.98,,90,1,7,namecheap,,
321c370f-e967-45e8-a2be-875e0929484e,disappointments.tube,available,23.99,23.99,30,1,15,namesilo,,
32225789-703a-4a95-acc4-2c4a377ad208,keepdown.tube,available,33.98,,68,1,9,namecheap,,
32304924-1a1d-4cb5-94bc-41f04ff9d6d6,comeround.tube,available,33.98,,76,1,10,namecheap,,
3232f8ca-a646-4ecd-aa28-c35306d9dc1b,letthemhaveit.tube,available,33.98,,47,1,16,namecheap,,
324aa954-5e42-480a-a121-9eb435d07862,pairoftongs.tube,available,33.98,,65,0,13,namecheap,,
324e087b-4b62-4142-b3c9-7653b425cfc8,thereandback.tube,available,33.98,,44,4,14,namecheap,,
32611253-ed4e-43b1-86fb-5db6e0aa851e,intandem.tube,available,33.98,,72,7,9,namecheap,,
327dbda0-51b9-40fb-b0f8-fe2054ad235d,intheeventthat.tube,available,33.98,,48,1,17,namecheap,,
32884560-dac5-47f2-acec-7494528d6daa,blazeofglory.tube,available,33.98,,72,1,14,namecheap,,
3298fd00-aa91-4590-b543-513cf56f88de,prejudices.tube,available,33.98,,38,1,10,namecheap,,
32a2b155-ef7e-4eb4-b13b-a7067648c684,inspiteofoneself.tube,available,33.98,,48,1,19,namecheap,,
32c90b6b-2ede-4745-8361-419a53d45cf0,feeltheburn.tube,available,33.98,,76,2,13,namecheap,,
32cdead9-3c86-4a87-8341-61e44ca543e8,IsleofMan.tube,available,33.98,,62,91,11,namecheap,,
32d77050-40e3-4a88-b0bd-c590a1034906,storytellers.tube,available,23.99,23.99,66,12,12,namesilo,,
3308e1b1-5dfd-4d47-8e46-503e3771d287,commonweal.tube,available,33.98,,68,5,11,namecheap,,
3308e259-1bcf-4618-8e9b-9b7b946a3bb7,manyhappyreturns.tube,available,33.98,,46,2,18,namecheap,,
33266c07-cd86-4bfc-9066-f8299cb58fdb,flashdoor.tube,available,33.98,,50,0,10,namecheap,,
333f2d99-3299-4ea1-8a92-bc663c96db60,assoonaspossible.tube,available,33.98,,50,1,19,namecheap,,
33475799-a770-4ec5-be23-554e423d549c,resteasy.tube,available,33.98,,79,4,9,namecheap,,
335d9b75-4f10-454c-a82b-efb7f5a9ff90,salts.tube,available,23.99,23.99,56,7,5,namesilo,,
33696943-d38e-453d-9b6e-377e6745b5e6,shortages.tube,available,23.99,23.99,48,3,9,namesilo,,
33771b49-383f-4060-b633-b671270589c1,communityservice.tube,available,33.98,,72,5,17,namecheap,,
3384870f-dd13-4c07-84b1-c87191263b92,alternativerock.tube,available,33.98,,72,1,16,namecheap,,
338b3184-5cea-4757-b9ad-85f5b62358a6,dogsit.tube,available,33.98,,96,2,6,namecheap,,
33973adf-1155-4463-912b-3ac2aa2ea70a,ambivalence.tube,available,33.98,,76,4,11,namecheap,,
33b3112b-6b63-4ab9-8dd7-ea4f8141252e,SwedishEmpire.tube,available,33.98,,58,1,14,namecheap,,
33b4e9bc-19d1-4158-9303-0ff2422d9c0c,streamed.tube,available,33.98,,73,9,8,namecheap,,
33be1242-9b85-44c3-a256-a2a27bfa0616,creditors.tube,available,33.98,,50,5,9,namecheap,,
33c9f186-e59e-4b81-a2a2-f474deb9eb28,stories.tube,premium,62.5,,58,36,7,name.com,,
33e3063a-5480-480f-97e7-23370f503538,cometorest.tube,available,33.98,,70,1,12,namecheap,,
33f86159-9401-40a2-bc1a-ab98a0a3bc13,pipecleaners.tube,available,23.99,23.99,45,1,13,namesilo,,
33f8940f-fede-40ed-979b-63d34322f0cf,yawned.tube,available,23.99,23.99,53,2,6,namesilo,,
33fbc616-f75c-4d12-a239-231dbb9e10b6,comeintoplay.tube,available,33.98,,70,1,14,namecheap,,
3432c892-725d-47ed-a3e4-2a971ee247fe,inthepipeline.tube,available,33.98,,42,2,15,namecheap,,
3434936c-7fcc-4720-a10e-8d7dab32bf94,mostwanted.tube,available,33.98,,54,10,11,namecheap,,
343a0566-7d3d-4671-8627-0414c2f59b07,getunder.tube,available,33.98,,54,1,9,namecheap,,
344e418c-a526-4b96-8ebd-e58a8989af9d,strapin.tube,available,33.98,,68,1,8,namecheap,,
3469eea1-db9f-471e-8cac-864527125d6f,wanttobet.tube,available,33.98,,62,1,11,namecheap,,
3470b6cf-bc8b-4f26-b18a-3777c197554d,radios.tube,available,23.99,23.99,55,13,6,namesilo,,
3478cff2-9b1e-4dc1-bcfb-13f4c6e69416,stackup.tube,available,33.98,,64,11,8,namecheap,,
347b359d-9ba8-42c5-b0a6-35ecd7dfc263,recycled.tube,premium,62.5,,79,10,8,name.com,,
348b66ef-7f8a-40c3-b012-aacaf662462c,thanksbe.tube,available,33.98,,60,1,9,namecheap,,
349c2f52-d225-49d8-9a63-ad8afb081ab9,unsettles.tube,available,23.99,23.99,43,1,9,namesilo,,
34b62bc5-c17c-412b-b3e4-43b18d4aced6,estimators.tube,available,23.99,23.99,50,3,10,namesilo,,
34b9d22e-ddfb-4f30-83a9-c2c08302f75f,aunts.tube,available,33.98,,54,2,5,namecheap,,
34c5791f-34b0-468b-af10-5d0ac4870083,characterised.tube,available,33.98,,48,1,13,namecheap,,
34c656b9-cae7-447c-b8c6-c18132ad7239,geese.tube,available,33.98,,53,10,5,namecheap,,
34d03455-e674-4c0e-a997-a95aa31af5bd,desktoptoy.tube,available,33.98,,50,1,11,namecheap,,
34e5ca1c-9324-4d93-8702-cd48744a6cd4,peed.tube,available,33.98,,54,4,4,namecheap,,
34fb57e7-7282-432c-b563-569ab2dbc0fc,pairingoff.tube,available,33.98,,50,0,11,namecheap,,
350347d3-25ae-443f-880e-d52104d8d1e8,inhouse.tube,available,33.98,,70,23,8,namecheap,,
35089603-b38c-4093-a939-7aa1ac45ba21,sweatshop.tube,available,33.98,,56,8,10,namecheap,,
353feb64-2bc6-4939-98e8-a21dbe6750bd,webcontent.tube,available,33.98,,78,5,11,namecheap,,
35438199-2583-4d66-b4bf-e31e5d45cea7,nuclei.tube,available,33.98,,44,7,6,namecheap,,
3547554f-6c38-4436-ba27-385389c7ff40,Americanway.tube,available,33.98,,72,4,12,namecheap,,
354fd15b-3525-4183-a94e-84494b4d91ff,generalmeeting.tube,available,23.99,23.99,46,2,15,namesilo,,
35509623-aee0-4be0-a4b2-50f4a6104cc1,tightened.tube,available,33.98,,50,1,9,namecheap,,
3552b34a-df42-455a-9bea-2215bc1ba949,stepdown.tube,available,33.98,,74,2,9,namecheap,,
355e8746-039c-43aa-8ddd-d3b38b2a83f1,dropahint.tube,available,33.98,,78,1,11,namecheap,,
356b1c1e-2da5-4c3f-8aa0-43cdaafe225a,goingforward.tube,available,33.98,,48,4,13,namecheap,,
35830e8a-849b-4a8e-90a4-a61c3b299c7f,holdingtheman.tube,available,33.98,,42,1,15,namecheap,,
35906f88-f900-4741-af16-2b242a41fd3b,sees.tube,available,33.98,,52,10,4,namecheap,,
362bcea6-22e0-46da-8bb1-b85f447ae000,solarpower.tube,available,33.98,,84,15,11,namecheap,,
364ae904-54fb-4ebe-baa2-957b090bca42,gonuclear.tube,available,33.98,,68,3,10,namecheap,,
364f40b9-f9de-4ef0-bcd9-42fbd51873c8,ushered.tube,available,33.98,,54,1,7,namecheap,,
365048b0-3f1a-4309-898f-ac3945d1aec5,shovels.tube,available,23.99,23.99,47,5,7,namesilo,,
3665f319-95ac-4517-a633-4a53179b7926,goinon.tube,available,23.99,23.99,74,2,8,namesilo,,
3667e5ac-5959-44ae-8d13-b533f2a37bda,axes.tube,available,33.98,,36,10,4,namecheap,,
369e198d-b648-4bf2-b502-7b3ed7bd0e81,arrivals.tube,available,23.99,23.99,50,8,8,namesilo,,
36afffda-a4dd-4f8e-83ba-27c8df8cf49c,highseas.tube,available,33.98,,74,6,9,namecheap,,
36e1b3c6-b8d7-45d8-8f78-b71ca80af7e1,synthesized.tube,available,33.98,,57,3,11,namecheap,,
36f030d6-2348-44cc-8076-00086a1f6c40,BonfireNight.tube,available,33.98,,64,1,13,namecheap,,
3712ff65-72b2-41fb-8cb5-af85cb9b7a45,windowdisplay.tube,available,33.98,,42,2,14,namecheap,,
371c375d-7421-4d22-ba93-533b24858398,lightup.tube,available,33.98,,82,15,8,namecheap,,
372bbdf8-bb7c-4d7e-9f2b-8077d39e7252,lunches.tube,available,23.99,23.99,60,4,7,namesilo,,
3784c1a2-5439-4bb7-8723-d78385052105,Tshirts.tube,available,33.98,,70,20,8,namecheap,,
3799cb26-7e71-4270-b72a-8725cbd8bcf5,asusual.tube,available,33.98,,58,3,8,namecheap,,
37b619e7-4b51-43c1-9802-f6eba5a0bb20,getthenod.tube,available,33.98,,77,2,11,namecheap,,
37c8be2f-46c1-45a6-845f-e490aafcc287,moveit.tube,available,33.98,,77,13,7,namecheap,,
37d09ccb-01c1-4d76-a0a1-5b4e49496f82,letoneoff.tube,available,33.98,,77,1,11,namecheap,,
380a3025-05a6-4d89-a50f-c65148171a14,supports.tube,available,33.98,,64,12,8,namecheap,,
384cee09-5e57-4ba7-9bc0-538737bd92cf,sported.tube,available,33.98,,59,2,7,namecheap,,
3855da06-1dc8-4ed0-9c67-4b372a602065,setinstone.tube,available,33.98,,68,4,12,namecheap,,
38adc299-0503-43b2-9e5b-b8ba5fb82541,fasttracking.tube,available,23.99,23.99,48,3,13,namesilo,,
38b1cd12-1642-49e2-bb37-2248be92a866,gettheballrolling.tube,available,33.98,,72,1,20,namecheap,,
38e5ead5-49ad-43de-bd73-d36adc68aad9,chiefofstaff.tube,available,33.98,,60,9,14,namecheap,,
38fbdab1-a7b0-45ee-8084-24686fd0f38b,chapstick.tube,available,33.98,,78,5,9,namecheap,,
393413c0-c027-4c28-8b57-0f81e9544cf5,updated.tube,available,33.98,,52,10,7,namecheap,,
393a05e7-1df9-40f5-b670-19ed32929cf0,pomegranates.tube,available,23.99,23.99,60,4,12,namesilo,,
3943a177-7888-43da-8a84-daee3b353077,gostrong.tube,available,33.98,,74,4,9,namecheap,,
39685d33-6a6c-416f-b3bc-7eb452fbaf24,searches.tube,available,23.99,23.99,50,9,8,namesilo,,
39b4dfc1-9d0a-44d5-8367-f2371f5dcef7,thanksaton.tube,available,33.98,,62,1,12,namecheap,,
39bfc52a-dd81-4c38-bef3-f9c8b552bab8,slipitto.tube,available,33.98,,64,1,10,namecheap,,
39e5cd25-b5c3-4dd0-9c50-16d82ac14fa2,possesses.tube,available,33.98,,48,1,9,namecheap,,
39f0213d-cd85-4843-a606-9875ecc3029b,collapsed.tube,available,33.98,,38,3,9,namecheap,,
3a057c9d-4fcf-4e3e-b698-a14b422cf334,dogwalking.tube,available,33.98,,94,8,10,namecheap,,
3a0b88da-9758-4364-81db-f1179fd14110,toexcess.tube,available,33.98,,55,0,9,namecheap,,
3a2c575c-59d2-4d4e-8e43-f5c1ebc5786b,publicservice.tube,available,33.98,,65,8,14,namecheap,,
3a47b89c-d5cf-4832-af45-cf569ad9301a,quizzes.tube,available,33.98,,54,8,7,namecheap,,
3a5b4d50-6d67-44e7-a479-23c86f62b0e2,coffeeklatsch.tube,available,33.98,,72,1,14,namecheap,,
3a815c81-b6e9-4df2-9603-9b4f7bdafcb1,velocities.tube,available,33.98,,52,4,10,namecheap,,
3a995ed3-1f9a-49fd-bb55-78df4f03926a,enterthescene.tube,available,33.98,,62,1,15,namecheap,,
3ab8310a-e5e4-4732-8c61-47d25b9551cc,commonhall.tube,available,33.98,,58,1,11,namecheap,,
3abbaf1e-67f9-45ef-bcc2-1afa0baa0de3,advantageground.tube,available,33.98,,48,0,16,namecheap,,
3abbee28-6ec4-4477-bf50-ab15244acb00,commonknowledge.tube,available,33.98,,72,5,16,namecheap,,
3ac17c82-cf80-4b71-b949-4b63b0118bd2,shouldof.tube,available,23.99,23.99,55,1,9,namesilo,,
3adec416-e486-4c91-ae16-6f6acbd19473,coffeeandcake.tube,available,33.98,,72,2,15,namecheap,,
3b1b3923-fad0-40f2-b804-a938cb1f89be,makehistory.tube,available,33.98,,86,4,12,namecheap,,
3b372297-6457-4dd6-9e49-ce2f0ec71fd4,extends.tube,available,33.98,,54,5,7,namecheap,,
3b77387a-9c97-4631-a049-93a693942572,pizzaplace.tube,available,23.99,23.99,56,3,11,namesilo,,
3b951161-2854-42ee-8699-c7698778d5b6,styling.tube,available,33.98,,78,11,7,namecheap,,
3ba5fb4c-6918-4aa4-9687-fe750086e6c9,coffeesugar.tube,available,33.98,,62,0,12,namecheap,,
3baa6247-92ae-431d-90c2-f572e08af8ef,gooutonalimb.tube,available,33.98,,60,1,16,namecheap,,
3be29eee-c4a4-4ba4-b0dc-5d8884bbc202,artgalleries.tube,available,23.99,23.99,57,4,13,namesilo,,
3c3247b4-a5ab-49dc-b249-2a42d08a50f0,billofrights.tube,available,33.98,,70,3,14,namecheap,,
3c39c228-c190-4989-bb02-537c7a5ce1e7,standupguy.tube,available,33.98,,72,2,12,namecheap,,
3c4e68a4-5dd4-4666-8d57-f827c193585f,reassures.tube,available,23.99,23.99,56,1,9,namesilo,,
3c72f3ee-df61-4b00-ab45-c251ba26e14a,equals.tube,available,23.99,23.99,62,10,6,namesilo,,
3c82799c-2b83-45f2-a9bd-91045eec49f2,neighbours.tube,available,33.98,,53,7,10,namecheap,,
3cbebdce-e41d-4334-b56c-33a5b14edbf8,runon.tube,available,33.98,,67,4,6,namecheap,,
3ccafde9-8bc8-4074-a84d-aa921df02220,smarted.tube,available,33.98,,53,5,7,namecheap,,
3d020465-7d3e-4e3d-85d6-32af5e8d217a,daydreamed.tube,available,33.98,,62,1,10,namecheap,,
3d2249fd-14b4-48ad-95b8-b4b181413f32,seton.tube,available,33.98,,72,9,6,namecheap,,
3d70138b-9d4a-4670-9739-51c67c2ff875,cliponmicrophone.tube,available,23.99,23.99,48,1,18,namesilo,,
3d81940e-1080-462b-b129-010b2f8d5273,paradoxes.tube,available,23.99,23.99,70,3,9,namesilo,,
3dd97a7b-82a5-4c21-a58f-53913e950d7d,clipontie.tube,available,23.99,23.99,56,1,11,namesilo,,
3de390db-0949-4625-a6f1-b9e8f95cb36d,clinics.tube,available,23.99,23.99,56,12,7,namesilo,,
3dfe7dfa-4b21-4baa-a261-8a398e93a7ca,icons.tube,available,33.98,,68,19,5,namecheap,,
3e61bf10-b081-41a5-972b-f67df5a21a57,chickenroll.tube,available,33.98,,76,2,12,namecheap,,
3e662a6e-89c4-47bd-aeb4-854e56403dfa,swishing.tube,available,33.98,,74,3,8,namecheap,,
3e6e35ae-71bc-4efe-81fd-f7e05424a658,haircuts.tube,available,23.99,23.99,60,6,8,namesilo,,
3e7315ee-adb5-469d-93be-c7410c6f8e08,paths.tube,available,33.98,,53,13,5,namecheap,,
3e9c8712-cd70-4ca6-841c-c7c36fe82a7f,nailed.tube,available,33.98,,58,6,6,namecheap,,
3ea4a23c-5582-46d2-a248-f3f61dbda5df,showedup.tube,available,23.99,23.99,59,1,9,namesilo,,
3ea65935-7eff-4ef2-8de3-140baa36b8b8,puddings.tube,available,23.99,23.99,57,2,8,namesilo,,
3eadd53f-c3a8-4b5f-920a-5ee5574862cf,yards.tube,available,33.98,,66,9,5,namecheap,,
3ecb5118-3a63-4812-ad69-0afacbfb35af,oldriver.tube,available,23.99,23.99,52,2,9,namesilo,,
3ee849a8-8061-4b51-afc1-e8dfad03fcd6,tirades.tube,available,33.98,,46,1,7,namecheap,,
3f1b833e-184a-4b62-a7fd-80bed43ea39f,tells.tube,available,33.98,,62,7,5,namecheap,,
3f43a0e3-ef6f-4dc1-9941-7fd93e003459,sources.tube,available,33.98,,48,14,7,namecheap,,
3f62d8d5-935d-4b26-b338-3016c53bc973,trussmember.tube,available,33.98,,50,1,12,namecheap,,
3f6af981-2bbd-4da6-b386-68dd4cb32949,Tabascosauce.tube,available,33.98,,57,1,13,namecheap,,
3fbdc1a7-5293-4dd1-86ef-41d620694153,breastfeed.tube,available,33.98,,76,3,11,namecheap,,
3fc2d60c-ed49-45db-b544-c54ca8b6fcdb,pincushions.tube,available,33.98,,52,1,11,namecheap,,
3fdbc0ca-5cd4-4c2c-82e4-f389d078d5bb,demoting.tube,available,23.99,23.99,46,1,8,namesilo,,
4002093b-e1fb-4462-baff-f19879bac92d,keepfaith.tube,available,33.98,,82,3,10,namecheap,,
40147052-4fb8-4cd2-bbbe-9e80c06c0f35,inprivate.tube,available,33.98,,70,3,10,namecheap,,
4039e184-9612-46d0-bb27-126ec1c3fc3a,ifyouwill.tube,available,33.98,,61,2,11,namecheap,,
40a61751-b2f3-4b2c-931a-06749d4cf345,states.tube,premium,125,,70,16,6,name.com,,
40bba520-509f-4dfd-b052-abf08a51f407,dogsleds.tube,available,23.99,23.99,76,1,8,namesilo,,
40c34e69-f4bd-4a32-aafc-4fdc4d7d179a,hairdryers.tube,available,23.99,23.99,60,2,10,namesilo,,
4129a2a8-e81a-4703-92dd-1ab1ea712bb8,queried.tube,available,33.98,,57,2,7,namecheap,,
4148c728-5cbb-4d13-8b36-217ff04b7855,CountyofWilkinson.tube,available,23.99,23.99,42,1,19,namesilo,,
4154e02b-5174-4f55-8db3-ce026d8c17b7,shoppers.tube,available,23.99,23.99,64,10,8,namesilo,,
41695f66-54fb-4f13-a512-3da1834748cb,commontime.tube,available,33.98,,68,4,11,namecheap,,
41790d57-eba8-4596-9afe-e73ae8d31618,structurally.tube,available,33.98,,48,3,12,namecheap,,
41869fde-6f5b-449f-a26a-24ab64e7cbaa,fellowmelad.tube,available,33.98,,62,1,13,namecheap,,
41b8d1d2-8eaa-4065-94f1-31c4011acc7a,childdevelopment.tube,available,33.98,,48,4,17,namecheap,,
41bb81ba-4c96-4237-942e-7a0ab39f1fbc,majoritycouncil.tube,available,23.99,23.99,48,1,16,namesilo,,
41d33c3c-c301-4d20-b533-d7ce35966d03,inthewayof.tube,available,33.98,,44,0,13,namecheap,,
41ebef46-55bd-41f0-a1ce-993fb0ba3fc0,tended.tube,available,23.99,23.99,50,7,6,namesilo,,
4200e5f8-d956-48b9-b1a0-89fa750c9c40,underwater.tube,premium,125,,64,15,11,name.com,,
4226dcf3-8de7-4064-87dc-0f46ad51167f,behindschedule.tube,available,33.98,,38,1,15,namecheap,,
423fd66a-dbd3-42ac-b17a-4a110de1599f,goshknows.tube,available,33.98,,46,1,10,namecheap,,
424cdf18-c679-413f-834b-dd6c365bbb26,nojoke.tube,available,33.98,,48,4,7,namecheap,,
425ef333-ef95-4e58-816d-9c3ea5994f42,ingredients.tube,available,33.98,,56,14,11,namecheap,,
4261a02b-af02-48c1-b865-a12be7b4e8a5,surebet.tube,available,33.98,,82,8,8,namecheap,,
429148e2-18a8-4c61-8808-6b654783fc18,leaveon.tube,available,33.98,,80,1,8,namecheap,,
42ac58cf-dcac-4f6a-a6d3-35108560382c,letpass.tube,available,33.98,,56,1,8,namecheap,,
42ae0917-8de5-4fe4-87a1-97889e40197c,upperlip.tube,available,33.98,,52,1,9,namecheap,,
42bce959-c336-44be-bff3-532f5b40ec07,produces.tube,available,33.98,,54,5,8,namecheap,,
42be12ba-fccd-4604-bc5e-f561e1848809,gowithGod.tube,available,33.98,,68,2,11,namecheap,,
42eda197-c376-4077-8774-3196ba04023e,goesthewholehog.tube,available,23.99,23.99,46,0,18,namesilo,,
42eea07c-40af-43e2-a95a-f5a199c03c80,introspections.tube,available,23.99,23.99,48,2,14,namesilo,,
42f66fb0-67d3-42f4-ba9c-7b7e0207efac,publicopinion.tube,available,33.98,,70,7,14,namecheap,,
42fbd8c3-24bd-4096-a182-c9f9b94910b7,CountyofHawaii.tube,available,33.98,,50,1,16,namecheap,,
431ef39b-ca1c-4e4c-995f-7d5710ec04f1,arrives.tube,available,23.99,23.99,50,3,7,namesilo,,
43381604-8cc3-44e9-89a8-e927f2d48a03,glances.tube,available,33.98,,52,5,7,namecheap,,
434d028b-8932-404b-a3a8-037bc76d2120,manybodyproblem.tube,available,33.98,,64,1,17,namecheap,,
4362000f-0aba-4d9f-8b42-354ca1ae8ae0,godowninhistory.tube,available,33.98,,68,1,18,namecheap,,
4363b1df-8103-46dd-9090-f2f74546088b,manyhandedness.tube,available,33.98,,64,1,15,namecheap,,
43692f4c-d93a-43e2-a786-ca0f5cd0fcb4,letup.tube,available,33.98,,74,3,6,namecheap,,
4372990b-365a-4cff-9e0b-bf29db297943,getthegreenlight.tube,available,33.98,,52,1,19,namecheap,,
4383a2c6-fd50-45fc-ab43-ca3e616799d8,hangover.tube,available,33.98,,62,12,9,namecheap,,
439c9867-e417-43fc-a61f-6346e4fb8bf4,pieces.tube,available,33.98,,62,12,6,namecheap,,
43b115f4-930d-4b8f-9096-992df6d424e7,counseled.tube,available,33.98,,59,1,9,namecheap,,
43b3bb55-e0ff-4887-a967-32986f8cd882,letonego.tube,available,33.98,,77,1,10,namecheap,,
43bd249b-26c4-46cd-9c93-e177575f57fc,letthefurfly.tube,available,33.98,,47,1,15,namecheap,,
43cbe7ba-df58-4a9e-96de-978cda297b36,sisters.tube,available,33.98,,63,15,7,namecheap,,
43f4f1e3-249b-435c-a36a-5777d6911da6,makeout.tube,available,33.98,,76,4,8,namecheap,,
442d7b98-3d65-4f61-b7fa-af47679b2398,loaned.tube,available,33.98,,52,3,6,namecheap,,
443cc977-69fc-469b-b967-2541582f415a,headout.tube,available,33.98,,82,6,8,namecheap,,
4470d6c7-e57a-49bc-9518-db7aa148f420,takes.tube,available,33.98,,55,10,5,namecheap,,
447138f9-a69d-42af-b39a-f4f3c525c43a,Idodeclare.tube,available,33.98,,58,2,12,namecheap,,
4472a626-51eb-4194-bc28-01f8423932a7,compilers.tube,available,33.98,,56,4,9,namecheap,,
4478a1a4-f62e-4579-835e-9fb79c1d7607,fights.tube,available,23.99,23.99,55,9,6,namesilo,,
44b78c73-8aea-4cfe-817f-273e28b980ba,votes.tube,available,33.98,,60,11,5,namecheap,,
44da55dc-af38-40a2-92d3-7dbc1da767da,coffeemilk.tube,available,33.98,,80,3,11,namecheap,,
44e3733f-d191-433a-9681-3a2558f77011,engines.tube,available,23.99,23.99,58,11,7,namesilo,,
44f22f11-9654-4d63-b000-f96d52b2cbe3,alotof.tube,available,33.98,,60,5,8,namecheap,,
45046daf-5024-4484-a714-6c783033e6e0,prowlers.tube,available,23.99,23.99,40,2,8,namesilo,,
450fc85a-91cc-4e75-8d2b-8ff57f3352a4,abided.tube,available,33.98,,70,1,6,namecheap,,
4513714f-cc53-45b4-b03d-336c43979b3a,feelupto.tube,available,33.98,,50,1,10,namecheap,,
451eb720-e440-448d-9f83-b1f88fde0676,estateagency.tube,available,33.98,,42,4,13,namecheap,,
452f1b3e-ede7-47a8-96df-9bf0ef75889e,stitches.tube,available,33.98,,46,10,8,namecheap,,
45388f68-e921-44b1-8ff1-d418bb0e07f9,daydreams.tube,available,23.99,23.99,62,10,9,namesilo,,
453fa377-8322-4e43-b42a-81a1f2abd14c,astheycome.tube,available,33.98,,56,1,12,namecheap,,
45403641-c0d5-4932-9590-e27b77b9478f,leaveover.tube,available,33.98,,70,1,10,namecheap,,
4559d37f-7034-4c3a-89ec-3cf83e0dccb8,demonstrated.tube,available,33.98,,68,3,12,namecheap,,
455eb6b3-07be-4bce-88e2-6886d7c0351a,twits.tube,available,23.99,23.99,46,3,5,namesilo,,
457552d7-ffa9-46e6-be45-82e301a366c4,makeupartist.tube,available,33.98,,76,5,13,namecheap,,
458fde78-2947-497c-82a1-eadbfe40f297,attempts.tube,available,33.98,,54,3,8,namecheap,,
4597d9f6-4075-47b7-ba97-e02f9a76fa43,Trumpcare.tube,available,33.98,,63,3,10,namecheap,,
45ba05e1-3203-415d-a18c-829982c14601,notifies.tube,available,33.98,,50,3,8,namecheap,,
45d135e2-da17-49b0-9896-7956184fe069,letlie.tube,available,33.98,,72,1,7,namecheap,,
45db667c-d609-4780-9113-0e60dd843388,leaveoffice.tube,available,33.98,,58,0,12,namecheap,,
46082188-c03c-4aeb-8c91-b314a18972e3,forces.tube,available,33.98,,82,12,6,namecheap,,
4608a5d3-c8c2-49d3-8ad6-aa869f4e29e6,midbreakfast.tube,available,33.98,,70,1,12,namecheap,,
46207c6d-6e6c-4be1-a4d1-c301db228910,keepunder.tube,available,33.98,,66,1,10,namecheap,,
4638a664-b1e2-4398-8366-5de17058713d,generates.tube,available,23.99,23.99,54,2,9,namesilo,,
4665bed8-0e2d-44ec-a019-28e05096afe6,indanger.tube,available,33.98,,60,1,9,namecheap,,
4686a832-d303-46ca-a501-e96de5f25fbb,eachway.tube,available,33.98,,68,2,8,namecheap,,
46af7e7d-6841-4f35-9485-2ad20bc910f9,clearthetable.tube,available,33.98,,64,1,15,namecheap,,
46cf3b45-b2df-45b5-b8f7-dbc85a4835b0,couldnotcareless.tube,available,33.98,,38,0,19,namecheap,,
46e89772-204b-4d39-b2a4-38227a94766b,pools.tube,available,33.98,,61,19,5,namecheap,,
46ed9c2a-5edc-46aa-9f29-a0473ea9b6e6,uptoanything.tube,available,33.98,,52,1,14,namecheap,,
46f7458e-0353-45f8-a3f2-653e94adfdbe,dryers.tube,available,23.99,23.99,54,5,6,namesilo,,
4702bf90-7a3b-4a9e-82c8-71fedde00e4d,WorldWarIV.tube,available,33.98,,52,1,12,namecheap,,
4711cf5d-c0b6-4ff2-a387-715c4b4836bd,goodcheer.tube,available,33.98,,60,2,10,namecheap,,
4716b00f-3d91-4996-a2f2-a5d4c65f131a,pastasauce.tube,available,33.98,,79,2,11,namecheap,,
474e5fe3-311a-4d3b-b4f7-19812e9339cf,grandnephews.tube,available,23.99,23.99,66,1,12,namesilo,,
475d0467-2fb9-4a3e-9879-12d290dcad60,donkeys.tube,available,23.99,23.99,46,5,7,namesilo,,
47851244-fe9d-4739-995e-f3ead133e88c,bolts.tube,available,33.98,,50,11,5,namecheap,,
478e4c6b-f572-441b-819d-55ef78eae2d8,cups.tube,premium,62.5,,60,12,4,name.com,,
47942841-6bc0-4458-aa9d-139aba4d11f8,procedures.tube,available,33.98,,50,5,10,namecheap,,
479c2e78-f2ec-4620-9192-cda78d279aeb,receptions.tube,available,23.99,23.99,53,4,10,namesilo,,
48078afb-a15f-47d1-9779-f8b99d7d5c15,phases.tube,available,33.98,,54,10,6,namecheap,,
48178dce-22e0-48aa-a5a3-53a1685c7017,Iswear.tube,available,33.98,,58,2,7,namecheap,,
48366ebe-2bd9-4c34-898b-5e27c8d9ae41,offices.tube,available,33.98,,60,16,7,namecheap,,
485592c7-7623-49a7-9c96-c7b59514decb,tempers.tube,available,33.98,,56,2,7,namecheap,,
485da84d-65c9-4ee4-9701-1e510fbbda6b,advertisements.tube,available,33.98,,54,7,14,namecheap,,
487a5c2a-0238-4369-9005-e4c6dedc4302,sirens.tube,available,23.99,23.99,48,11,6,namesilo,,
48945a2f-999c-4cd9-89fe-71538c6e9fab,makefor.tube,available,33.98,,74,2,8,namecheap,,
48c9bd73-b4ca-462d-bd42-1fcdf18143e5,IsleofSheppey.tube,available,33.98,,52,1,15,namecheap,,
48d18904-45ad-4921-a874-dc0c3a9f03da,motorsports.tube,premium,62.5,,74,13,11,name.com,,
48fa68b8-c408-4e58-bee3-31cadd600b43,predisposition.tube,available,33.98,,62,1,14,namecheap,,
493a2e0e-5904-4abe-8c94-aa9ff8225cc3,keyboards.tube,available,33.98,,56,9,9,namecheap,,
494b185a-e949-4692-8f5a-6641128243be,goalongwith.tube,available,33.98,,70,1,13,namecheap,,
498e2119-d364-4eea-8787-dde581191480,overdressed.tube,available,33.98,,64,3,12,namecheap,,
49bb93af-163a-48f8-a940-d1ccf197c941,draws.tube,available,33.98,,65,6,5,namecheap,,
49dbb5b2-6a80-46d3-be97-0821d070256e,negotiations.tube,available,33.98,,56,6,12,namecheap,,
49e971d6-8114-406d-a7fe-992f2e8a6ee1,highschools.tube,available,23.99,23.99,65,4,12,namesilo,,
4a32e7c1-7e5f-4410-a60a-443bb9eef679,pounds.tube,available,33.98,,58,7,6,namecheap,,
4a418684-ffdc-41c2-99c5-9064646965f8,fasttimes.tube,available,33.98,,80,3,10,namecheap,,
4a487159-f5fd-4825-a02e-1a02b256a5da,yielded.tube,available,33.98,,56,3,7,namecheap,,
4a489d48-808a-4031-b55b-35dd94b20d0d,plans.tube,available,33.98,,60,20,5,namecheap,,
4a5be26d-5eb7-4399-a20c-cdce594e342e,packets.tube,available,33.98,,60,8,7,namecheap,,
4a66b2c5-30f2-420b-81f4-a74edcddf021,filewith.tube,available,33.98,,68,2,9,namecheap,,
4a6ea8c3-770b-4310-a823-106080c8cf1a,photographed.tube,available,23.99,23.99,54,3,12,namesilo,,
4a85ef30-e2ab-457b-a085-f02bef356173,instruments.tube,available,33.98,,62,11,11,namecheap,,
4aa3e833-ca54-48d7-8616-b5d69071c391,Jim.tube,premium,525,28,78,28,3,namecheap,,
4aacebb7-0e02-43f3-9fbe-e47d80bcda31,scooped.tube,available,33.98,,48,5,7,namecheap,,
4ac74f0e-24df-40aa-a608-cc3e9ee87117,TyphoidMary.tube,available,33.98,,59,1,12,namecheap,,
4b313f04-748f-4d3f-8398-a79991da2f86,Ichooseviolence.tube,available,33.98,,44,1,17,namecheap,,
4b34a368-6636-4f04-83b3-6e9af3e0e9e4,backtaxes.tube,available,33.98,,62,3,10,namecheap,,
4b3d3fd4-102c-4b0b-91ec-f7cbc4f79ab3,decideupon.tube,available,33.98,,76,0,11,namecheap,,
4b54a669-7f0c-4d7f-8406-be4f196a3dcc,busoperator.tube,available,23.99,23.99,50,2,12,namesilo,,
4b5ea68b-f3ab-4137-a2c1-af555468f982,tourists.tube,available,33.98,,58,7,8,namecheap,,
4b7365b6-03df-4ee1-8fb4-d80124e26a1f,gettheidea.tube,available,33.98,,79,0,12,namecheap,,
4b9624a7-5f06-4af4-a77b-b5ad35126d76,strepthroat.tube,available,33.98,,68,2,12,namecheap,,
4ba3c842-d786-497d-a511-896cd0639896,entertheequation.tube,available,33.98,,62,0,18,namecheap,,
4ba99331-541d-4083-8e09-dbbb22cfccd1,comeondown.tube,available,33.98,,76,1,12,namecheap,,
4bc504db-fc5c-4a2a-be1b-507fed8c7278,goberserk.tube,available,33.98,,68,1,10,namecheap,,
4bf78c80-5688-45db-a12d-65994fb4d660,pens.tube,premium,125,,48,12,4,name.com,,
4c0bd03a-8b86-411e-b802-c72089924b26,undergoes.tube,available,33.98,,55,1,9,namecheap,,
4c28eeb3-d018-4c9e-95ea-c23678560f7f,gowiththeturf.tube,available,33.98,,66,0,16,namecheap,,
4c29d630-e984-4596-bf0f-bd7786e4b435,pizzatopping.tube,available,23.99,23.99,48,1,13,namesilo,,
4c68fb03-53da-409e-95ad-cab0b66788cc,straws.tube,available,23.99,23.99,54,6,6,namesilo,,
4c76e6dd-fac3-4672-990f-c79d12f89c8f,treating.tube,available,33.98,,70,3,8,namecheap,,
4ca5c4e4-42d8-43f2-89c2-c21bacca218e,gomissing.tube,available,33.98,,70,1,10,namecheap,,
4cb077ef-4c32-4575-9459-9312411cc206,makesomenoise.tube,available,33.98,,70,5,15,namecheap,,
4cbdd987-f02c-4e0e-8feb-aad95d891a94,smarts.tube,available,33.98,,67,16,6,namecheap,,
4cd7da94-d592-458b-a2be-87a8fdb2ad2f,getthedoor.tube,available,33.98,,76,0,12,namecheap,,
4cf0cb76-a39f-430f-8409-79e5b626b6d3,childsafetyseats.tube,available,23.99,23.99,42,1,18,namesilo,,
4cf68ea8-19c4-4746-8727-2dafd94305b9,cometolife.tube,available,33.98,,80,3,12,namecheap,,
4d04868c-6ddf-4e63-94d8-84cb50a10008,nights.tube,available,33.98,,74,12,6,namecheap,,
4d2c7797-e4a8-47c5-8bcb-be1bf8abe370,notalittle.tube,available,33.98,,60,1,12,namecheap,,
4d312b91-ad06-4f2b-b152-5de512342b39,JollyRoger.tube,available,33.98,,82,10,11,namecheap,,
4d656256-aed7-497d-b151-dde88ab3cc22,putitthere.tube,available,33.98,,54,1,12,namecheap,,
4d89f413-a778-46d3-9513-d7046690506c,Ihavenever.tube,available,33.98,,68,1,12,namecheap,,
4daf2bd6-df1b-455a-bb5e-b39a29b097e7,victories.tube,available,33.98,,58,5,9,namecheap,,
4db69638-2cad-4bcb-a9f7-1fe3976d9172,mobiles.tube,available,23.99,23.99,62,19,7,namesilo,,
4dd5002d-4cdf-41be-ad61-d89f0b3c9eb5,fitout.tube,available,33.98,,76,8,7,namecheap,,
4de6c6bc-dcab-4bee-97b0-9f1bd19fc6c2,responds.tube,available,23.99,23.99,58,3,8,namesilo,,
4df83636-4d4e-4f16-9437-8d407cf6a567,windowshop.tube,available,33.98,,83,5,11,namecheap,,
4dfaed26-1013-488b-b46b-922ae93f323c,priests.tube,available,33.98,,58,4,7,namecheap,,
4e2d0bdc-f422-4bf7-b362-6cc858690b6c,makenoise.tube,available,33.98,,78,5,10,namecheap,,
4e321ba5-e37a-4c44-80a4-b288425d6456,pullover.tube,available,33.98,,74,4,9,namecheap,,
4e44f8b5-b08b-4ac7-b065-45f76fe63071,snowstorms.tube,available,23.99,23.99,50,2,10,namesilo,,
4e4b8396-8dd3-4a81-b0a6-bc0a267e06e4,getthehangof.tube,available,33.98,,71,1,15,namecheap,,
4e4f2625-502d-4c74-b61e-3c4b8e270294,thereyougo.tube,available,33.98,,56,2,12,namecheap,,
4e699eb1-7db2-487e-964e-5c4eb6053a2a,abovethescroll.tube,available,23.99,23.99,40,1,16,namesilo,,
4eae00ef-5db0-471a-9c44-a6764030b70f,slips.tube,available,33.98,,70,10,5,namecheap,,
4ec62795-147e-4fc5-be2c-25e8bf7ca71d,personallife.tube,available,33.98,,68,3,13,namecheap,,
4ee28ad0-2469-4281-ab76-fbc53af23a4b,accountspayable.tube,available,33.98,,62,4,16,namecheap,,
4ee5cbcc-0380-4905-b627-640437ed4d69,merchants.tube,available,33.98,,56,14,9,namecheap,,
4ef995ba-892f-4c4d-ae6c-c1e3405b59e3,luncheonettes.tube,available,23.99,23.99,52,1,13,namesilo,,
4f08d760-f1b7-4ae1-9fd2-9fee16bc1b83,lactosefree.tube,available,33.98,,74,3,12,namecheap,,
4f1c96cc-c2f6-489c-b1ad-ce9674ece56e,brosbeforehoes.tube,available,33.98,,38,1,16,namecheap,,
4f25bab0-772b-4fb4-9ac5-d0d02e57ea41,tattooing.tube,available,33.98,,68,5,9,namecheap,,
4f3f732f-6e4b-43b3-bec8-816b633603ff,refused.tube,available,33.98,,50,4,7,namecheap,,
4f54df54-a016-45ba-b918-3b337f998a23,likeitorleaveit.tube,available,33.98,,44,2,19,namecheap,,
4f5c8941-665f-4ebd-8b6f-476b505bd111,makefriends.tube,available,33.98,,88,6,12,namecheap,,
4f5db436-4c4d-4b8e-9709-e5fa6cd088e4,filets.tube,available,23.99,23.99,66,2,6,namesilo,,
4f8c7474-a9aa-4654-b41b-dc88a1b3fd66,rumorhasit.tube,available,33.98,,47,2,12,namecheap,,
4f917566-99c1-46fd-b610-277199f3e8a4,tycoons.tube,available,23.99,23.99,55,6,7,namesilo,,
4fd46e07-a1c1-43b9-a675-4aa7942e8b24,neared.tube,available,33.98,,52,1,6,namecheap,,
4fd56ae2-7d92-45a2-8fed-791d3ca0c98d,makers.tube,resell,,,62,67,6,IONOS SE,28/02/2021 05:04,28/02/2027 05:04
4fe96273-c85b-46a4-954a-103a092ef0d1,beawake.tube,available,33.98,,84,3,8,namecheap,,
4ff8a67f-8496-4ef3-8458-0cf8f9d58069,gonedownthe.tube,available,23.99,23.99,30,1,18,namesilo,,
4ffeb1ea-588a-4c00-8ed5-cb51201856eb,boundaries.tube,available,33.98,,56,7,10,namecheap,,
50060bd9-01c4-48a4-bc83-4264219bf874,resulted.tube,available,23.99,23.99,46,2,8,namesilo,,
502eab93-ec75-442a-b3a4-523181de671f,clipart.tube,premium,62.5,,74,8,8,name.com,,
50527d90-7c55-4c5d-9ab2-7f640d6bec94,workingorder.tube,available,33.98,,64,1,13,namecheap,,
505a5395-5489-4dbd-beba-16a4d60a4c9c,amatter.tube,available,33.98,,60,2,8,namecheap,,
5069a007-46fb-486d-8e63-d1306267ec72,changeplaces.tube,available,33.98,,62,0,13,namecheap,,
506b4fae-17c4-4d28-9b7b-6c250afa9e1c,Ilostmywallet.tube,available,33.98,,50,1,16,namecheap,,
506ce1ce-a3fc-4f2c-8b8c-b9d64b08ede3,trackdown.tube,available,33.98,,70,4,10,namecheap,,
508b1517-524d-4b36-b3d2-98af4abb5eed,wisdoms.tube,available,23.99,23.99,58,8,7,namesilo,,
50adf3ad-4733-458d-9dd4-1b3843917d2b,hospitals.tube,available,23.99,23.99,64,10,9,namesilo,,
50b88b63-fe41-4fdd-bc9a-2147ef3743a4,AmazonRiverdolphin.tube,available,33.98,,72,1,20,namecheap,,
50dbc7a2-1089-4db5-9d63-36b3426958f5,intheissue.tube,available,33.98,,50,1,12,namecheap,,
50dca2e6-d174-4cf4-b712-df2856efd175,pads.tube,available,23.99,23.99,68,10,4,namesilo,,
5103318b-ea15-4ff5-99bc-e39df9423a17,grouptherapy.tube,available,33.98,,72,4,13,namecheap,,
5115c6ee-c32f-4775-95ce-0e3fe8e6c636,grandpas.tube,available,23.99,23.99,68,4,8,namesilo,,
5133e3bd-519a-4856-ad4e-8ec9dd1b828f,isles.tube,available,23.99,23.99,52,7,5,namesilo,,
513470cc-faea-4bed-9422-084dfc735336,fillintheblanks.tube,available,33.98,,64,2,18,namecheap,,
513f1ff7-f5f8-49be-a498-3b3695f1d487,superhero.tube,premium,62.5,,84,23,9,name.com,,
51843bff-f01f-4f63-b95f-16fb336fc06b,makefriendly.tube,available,33.98,,72,1,13,namecheap,,
5185a219-7db6-4b29-8535-93c33aff0b1e,howlout.tube,available,33.98,,70,1,8,namecheap,,
518d886c-007b-4afd-ae18-0dabdda64eb0,fillaway.tube,available,33.98,,70,1,9,namecheap,,
51a70cf7-77c9-46e7-a5d5-df5d486b6e1e,WonderWoman.tube,available,33.98,,92,10,12,namecheap,,
51a8a40d-7630-41a9-ad9b-eeb55249f6d6,arrivingat.tube,available,23.99,23.99,50,1,11,namesilo,,
51c2f765-5c8e-4f2f-9c5e-0e9341923810,fires.tube,available,33.98,,46,10,5,namecheap,,
51d2e5e2-afaa-47a3-854a-70ea642b3f84,neighbourhood.tube,available,33.98,,70,14,13,namecheap,,
51e6056c-c7cc-4d39-a8c5-bcf83fbccd37,objected.tube,available,23.99,23.99,48,2,8,namesilo,,
51e88e23-b529-41d6-872c-83e9afa8b7fc,pegs.tube,available,23.99,23.99,48,8,4,namesilo,,
52052885-756e-466b-8899-106c30e29c76,twentyseven.tube,available,33.98,,65,7,12,namecheap,,
520f0b43-c03f-424c-a571-4cf066a04d13,myGod.tube,available,33.98,,74,9,6,namecheap,,
521a9fec-f840-4500-9281-a475da14c255,lookouts.tube,available,33.98,,52,3,8,namecheap,,
52313123-f2b9-4016-8976-a02734a04923,hides.tube,available,23.99,23.99,50,5,5,namesilo,,
52327250-2f08-42d1-a0ff-ca79f63f0bb1,sparklingwine.tube,available,33.98,,69,4,14,namecheap,,
5237b10a-7d6a-445a-ba67-19ed8619c95b,alcoholfree.tube,available,33.98,,70,6,12,namecheap,,
525439c4-d620-46f2-8499-a2dc551926d3,denominations.tube,available,23.99,23.99,42,2,13,namesilo,,
5260289c-8dbd-44b9-9b42-20946a9695f6,generalformulae.tube,available,23.99,23.99,44,0,16,namesilo,,
5264efe8-e082-40be-a8ca-15da668d62b5,silences.tube,available,23.99,23.99,46,3,8,namesilo,,
5292d5ea-f43d-4cda-98b5-b3cb7d77f094,BlackWallStreet.tube,available,23.99,23.99,44,9,17,namesilo,,
529a552a-74be-4072-a8c6-cb506301817e,geeks.tube,premium,125,,54,21,5,name.com,,
52ceba31-ae73-46c4-bc73-8dbcc9c53e4c,satellites.tube,available,33.98,,59,8,10,namecheap,,
530a4831-bf34-4fe2-8d70-aa77f85e5869,havetheadvantage.tube,available,33.98,,46,0,18,namecheap,,
530e376b-efc4-4f83-a8c3-732da59595f4,homes.tube,premium,62.5,,86,34,5,name.com,,
530ec37e-035b-414f-877a-c98952bc4529,finds.tube,available,33.98,,62,16,5,namecheap,,
53102a32-d033-48a2-9f2e-d30f7fd57fe3,takethelead.tube,available,33.98,,78,4,13,namecheap,,
534224ce-cc1b-414d-a20e-0cb2367672ec,cuddleup.tube,available,33.98,,89,4,9,namecheap,,
535b3eeb-bff2-409a-ab5a-2cdd39eb2224,takeabreak.tube,available,33.98,,86,8,12,namecheap,,
536401c9-ad22-4cd4-a76b-56f2382c816e,stormed.tube,available,33.98,,50,3,7,namecheap,,
537958f4-1f0c-44c7-ba4f-0835035c0927,writes.tube,available,33.98,,56,9,6,namecheap,,
538466a8-1d9e-4a8d-a28f-fed814d92e8e,skulls.tube,available,23.99,23.99,44,8,6,namesilo,,
53984d8a-a850-41cc-b75c-06e156595e62,gomad.tube,available,23.99,23.99,70,5,6,namesilo,,
539bf1f9-5594-4864-9491-335185cf9d82,chalkboards.tube,available,23.99,23.99,52,2,11,namesilo,,
53a3ad76-ca0d-493e-89bb-d92c6eb48dbc,flashdrives.tube,available,23.99,23.99,62,2,12,namesilo,,
53ba54c6-afe0-4a42-8cc7-c0a1aa700e42,letitalone.tube,available,33.98,,80,1,12,namecheap,,
53c6f206-973f-4422-bbed-aacef00956a3,CountyofRiley.tube,available,23.99,23.99,42,1,15,namesilo,,
53d8a6af-5ab0-4862-ae22-a66b82332344,midmorning.tube,available,33.98,,80,1,11,namecheap,,
53e7b144-3494-4ab9-b7ab-818f70e2aa38,screenshots.tube,available,23.99,23.99,49,9,11,namesilo,,
53edba82-3298-479a-a73f-bc160b9468df,tostartwith.tube,available,33.98,,52,1,13,namecheap,,
53f1185c-8f77-4e2a-ac1f-1b671ecc506b,televised.tube,available,23.99,23.99,72,3,9,namesilo,,
54081ec5-44de-4baf-af5f-c707ce98a0c1,oppositions.tube,available,23.99,23.99,48,2,11,namesilo,,
544be112-5c99-4929-a733-8b3f05228503,pals.tube,available,23.99,23.99,77,16,4,namesilo,,
5455ab0e-805d-4aa6-827f-e834a35bbefd,keepthechange.tube,available,33.98,,46,59,15,namecheap,,
54586247-72d0-4a3b-9453-78aaf77c62ce,beridof.tube,available,33.98,,46,1,9,namecheap,,
5458e6a1-7fad-4090-8fa1-7094c9f676f8,coffeesyrup.tube,available,33.98,,80,2,12,namecheap,,
54660bad-58c2-4c3e-8795-59b795469f7c,cometobe.tube,available,33.98,,72,0,10,namecheap,,
5466d1e6-a467-4e5c-9280-13629adabedf,cometoanend.tube,available,33.98,,62,1,14,namecheap,,
5484bc51-9cb3-4c91-b70e-5dd1aed81437,allsorts.tube,available,33.98,,52,5,9,namecheap,,
54983653-661c-47fc-b18c-a17b3311726c,usualoffice.tube,available,33.98,,57,0,12,namecheap,,
54b85aa5-20ab-40ce-aa0d-b9bcd7fdc30f,dues.tube,available,23.99,23.99,70,6,4,namesilo,,
54d1cf1b-abee-4e30-a7a3-4855d84fca53,devours.tube,available,23.99,23.99,40,2,7,namesilo,,
54d6a7a2-efcc-4189-8416-67e70942849b,closeout.tube,available,33.98,,76,6,9,namecheap,,
54d7beb5-f7eb-4543-ad04-a16ac3c86174,machines.tube,available,33.98,,56,22,8,namecheap,,
54df3fad-2dca-44b5-8d9a-6a741b205f10,HarryPotter.tube,available,33.98,,72,20,12,namecheap,,
54dfe9d8-2ef0-45dc-a008-f28187216849,Curves.tube,premium,525,28,51,11,6,namecheap,,
54fcae3f-73f6-4ce1-ba48-b40135262fe8,abides.tube,available,33.98,,70,4,6,namecheap,,
54fdb904-72cb-4255-b670-cb87293c6471,relationships.tube,available,33.98,,48,12,13,namecheap,,
55156cb9-8e67-40ec-8dfc-21646a88b2de,commonrun.tube,available,33.98,,68,1,10,namecheap,,
55301fce-4d16-42ce-b8a1-52de6be9a60a,manytoone.tube,available,33.98,,68,2,11,namecheap,,
5567827e-dfea-4e59-8393-b4555d7243c2,goneover.tube,available,23.99,23.99,50,1,9,namesilo,,
55882514-fe0d-44de-bd90-7080e656928a,turningback.tube,available,23.99,23.99,53,2,12,namesilo,,
559fad62-a52a-4345-b2d6-d80c40f1bb6f,placeanorder.tube,available,33.98,,72,0,14,namecheap,,
55dfb5d6-e33c-411d-8da3-8b64be24e31a,leavenocrumbs.tube,available,33.98,,70,1,15,namecheap,,
55ef856c-4d02-4659-bdc7-f30c7dc8dd26,gobackalongway.tube,available,33.98,,66,1,18,namecheap,,
562c24a0-1768-4971-b8fe-93874dc2bca8,walked.tube,available,33.98,,60,5,6,namecheap,,
5667fe06-40ea-4006-aa7a-9eec7863459b,sellon.tube,available,33.98,,68,6,7,namecheap,,